YORIMICHI Daily Tournament ▸ 001 YORIMICHI Daily Tour / HOUSE TOURNAMENT,CAJcRlRs2__dailytournament-001,テキスト,YORIMICHI Daily Tournament
YORIMICHI Daily Tournament ▸ 002 YORIMICHI Daily Tour / YORIMICHI Daily Tournament,CAJcRlRs2__dailytournament-002,テキスト,YORIMICHI Daily Tournament
YORIMICHI Daily Tournament ▸ 003 YORIMICHI Daily Tour / 【Cランク】トーナメント,CAJcRlRs2__dailytournament-003,テキスト,YORIMICHI Daily Tournament
YORIMICHI Daily Tournament ▸ 004 YORIMICHI Daily Tour / YORIMICHIのスタンダードなハウストーナメント…,CAJcRlRs2__dailytournament-004,テキスト,YORIMICHI Daily Tournament
YORIMICHI Daily Tournament ▸ 005 YORIMICHI Daily Tour / 初心者の方も、そうでない方も、本格的なトーナメントが…,CAJcRlRs2__dailytournament-005,テキスト,YORIMICHI Daily Tournament
YORIMICHI Daily Tournament ▸ 006 トーナメント詳細 / SUMMARY,CAJcRlRs2__dailytournament-006,テキスト,YORIMICHI Daily Tournament
YORIMICHI Daily Tournament ▸ 007 トーナメント詳細 / トーナメント詳細,CAJcRlRs2__dailytournament-007,テキスト,YORIMICHI Daily Tournament
YORIMICHI Daily Tournament ▸ 008 トーナメント詳細 / 開始時刻,CAJcRlRs2__dailytournament-008,テキスト,YORIMICHI Daily Tournament
YORIMICHI Daily Tournament ▸ 009 トーナメント詳細 / 19:00,CAJcRlRs2__dailytournament-009,テキスト,YORIMICHI Daily Tournament
YORIMICHI Daily Tournament ▸ 010 トーナメント詳細 / レジストレーション締切,CAJcRlRs2__dailytournament-010,テキスト,YORIMICHI Daily Tournament
YORIMICHI Daily Tournament ▸ 011 トーナメント詳細 / 20:55 ごろ,CAJcRlRs2__dailytournament-011,テキスト,YORIMICHI Daily Tournament
YORIMICHI Daily Tournament ▸ 012 トーナメント詳細 / ゲーム,CAJcRlRs2__dailytournament-012,テキスト,YORIMICHI Daily Tournament
YORIMICHI Daily Tournament ▸ 013 トーナメント詳細 / ノーリミット／テキサスホールデム,CAJcRlRs2__dailytournament-013,テキスト,YORIMICHI Daily Tournament
YORIMICHI Daily Tournament ▸ 014 トーナメント詳細 / 参加費,CAJcRlRs2__dailytournament-014,テキスト,YORIMICHI Daily Tournament
"YORIMICHI Daily Tournament ▸ 015 トーナメント詳細 / ¥2,000",CAJcRlRs2__dailytournament-015,テキスト,YORIMICHI Daily Tournament
YORIMICHI Daily Tournament ▸ 016 トーナメント詳細 / スタック,CAJcRlRs2__dailytournament-016,テキスト,YORIMICHI Daily Tournament
"YORIMICHI Daily Tournament ▸ 017 トーナメント詳細 / 20,000点",CAJcRlRs2__dailytournament-017,テキスト,YORIMICHI Daily Tournament
YORIMICHI Daily Tournament ▸ 018 ブラインドストラクチャー / STRUCTURE,CAJcRlRs2__dailytournament-018,テキスト,YORIMICHI Daily Tournament
YORIMICHI Daily Tournament ▸ 019 ブラインドストラクチャー / ブラインドストラクチャー,CAJcRlRs2__dailytournament-019,テキスト,YORIMICHI Daily Tournament
YORIMICHI Daily Tournament ▸ 020 ブラインドストラクチャー / ストラクチャー表（全レベル）,CAJcRlRs2__dailytournament-020,テキスト,YORIMICHI Daily Tournament
YORIMICHI Daily Tournament ▸ 021 ブラインドストラクチャー / Lv.,CAJcRlRs2__dailytournament-021,テキスト,YORIMICHI Daily Tournament
YORIMICHI Daily Tournament ▸ 022 ブラインドストラクチャー / BB Ante,CAJcRlRs2__dailytournament-022,テキスト,YORIMICHI Daily Tournament
YORIMICHI Daily Tournament ▸ 023 ブラインドストラクチャー / Blinds,CAJcRlRs2__dailytournament-023,テキスト,YORIMICHI Daily Tournament
YORIMICHI Daily Tournament ▸ 024 ブラインドストラクチャー / Duration,CAJcRlRs2__dailytournament-024,テキスト,YORIMICHI Daily Tournament
YORIMICHI Daily Tournament ▸ 025 ブラインドストラクチャー / Time Table,CAJcRlRs2__dailytournament-025,テキスト,YORIMICHI Daily Tournament
YORIMICHI Daily Tournament ▸ 026 ブラインドストラクチャー / 200,CAJcRlRs2__dailytournament-026,テキスト,YORIMICHI Daily Tournament
YORIMICHI Daily Tournament ▸ 027 ブラインドストラクチャー / 100 - 200,CAJcRlRs2__dailytournament-027,テキスト,YORIMICHI Daily Tournament
YORIMICHI Daily Tournament ▸ 028 ブラインドストラクチャー / 0:15,CAJcRlRs2__dailytournament-028,テキスト,YORIMICHI Daily Tournament
YORIMICHI Daily Tournament ▸ 029 ブラインドストラクチャー / 18:45 - 19:00,CAJcRlRs2__dailytournament-029,テキスト,YORIMICHI Daily Tournament
YORIMICHI Daily Tournament ▸ 030 ブラインドストラクチャー / 300,CAJcRlRs2__dailytournament-030,テキスト,YORIMICHI Daily Tournament
YORIMICHI Daily Tournament ▸ 031 ブラインドストラクチャー / 200 - 300,CAJcRlRs2__dailytournament-031,テキスト,YORIMICHI Daily Tournament
YORIMICHI Daily Tournament ▸ 032 ブラインドストラクチャー / 0:15,CAJcRlRs2__dailytournament-032,テキスト,YORIMICHI Daily Tournament
YORIMICHI Daily Tournament ▸ 033 ブラインドストラクチャー / 19:00 - 19:15,CAJcRlRs2__dailytournament-033,テキスト,YORIMICHI Daily Tournament
YORIMICHI Daily Tournament ▸ 034 ブラインドストラクチャー / 400,CAJcRlRs2__dailytournament-034,テキスト,YORIMICHI Daily Tournament
YORIMICHI Daily Tournament ▸ 035 ブラインドストラクチャー / 200 - 400,CAJcRlRs2__dailytournament-035,テキスト,YORIMICHI Daily Tournament
YORIMICHI Daily Tournament ▸ 036 ブラインドストラクチャー / 0:15,CAJcRlRs2__dailytournament-036,テキスト,YORIMICHI Daily Tournament
YORIMICHI Daily Tournament ▸ 037 ブラインドストラクチャー / 19:15 - 19:30,CAJcRlRs2__dailytournament-037,テキスト,YORIMICHI Daily Tournament
YORIMICHI Daily Tournament ▸ 038 ブラインドストラクチャー / 500,CAJcRlRs2__dailytournament-038,テキスト,YORIMICHI Daily Tournament
YORIMICHI Daily Tournament ▸ 039 ブラインドストラクチャー / 300 - 500,CAJcRlRs2__dailytournament-039,テキスト,YORIMICHI Daily Tournament
YORIMICHI Daily Tournament ▸ 040 ブラインドストラクチャー / 0:15,CAJcRlRs2__dailytournament-040,テキスト,YORIMICHI Daily Tournament
YORIMICHI Daily Tournament ▸ 041 ブラインドストラクチャー / 19:30 - 19:45,CAJcRlRs2__dailytournament-041,テキスト,YORIMICHI Daily Tournament
YORIMICHI Daily Tournament ▸ 042 ブラインドストラクチャー / 600,CAJcRlRs2__dailytournament-042,テキスト,YORIMICHI Daily Tournament
YORIMICHI Daily Tournament ▸ 043 ブラインドストラクチャー / 300 - 600,CAJcRlRs2__dailytournament-043,テキスト,YORIMICHI Daily Tournament
YORIMICHI Daily Tournament ▸ 044 ブラインドストラクチャー / 0:15,CAJcRlRs2__dailytournament-044,テキスト,YORIMICHI Daily Tournament
YORIMICHI Daily Tournament ▸ 045 ブラインドストラクチャー / 19:45 - 20:00,CAJcRlRs2__dailytournament-045,テキスト,YORIMICHI Daily Tournament
YORIMICHI Daily Tournament ▸ 046 ブラインドストラクチャー / 800,CAJcRlRs2__dailytournament-046,テキスト,YORIMICHI Daily Tournament
YORIMICHI Daily Tournament ▸ 047 ブラインドストラクチャー / 400 - 800,CAJcRlRs2__dailytournament-047,テキスト,YORIMICHI Daily Tournament
YORIMICHI Daily Tournament ▸ 048 ブラインドストラクチャー / 0:15,CAJcRlRs2__dailytournament-048,テキスト,YORIMICHI Daily Tournament
YORIMICHI Daily Tournament ▸ 049 ブラインドストラクチャー / 20:00 - 20:15,CAJcRlRs2__dailytournament-049,テキスト,YORIMICHI Daily Tournament
"YORIMICHI Daily Tournament ▸ 050 ブラインドストラクチャー / 1,000",CAJcRlRs2__dailytournament-050,テキスト,YORIMICHI Daily Tournament
"YORIMICHI Daily Tournament ▸ 051 ブラインドストラクチャー / 500 - 1,000",CAJcRlRs2__dailytournament-051,テキスト,YORIMICHI Daily Tournament
YORIMICHI Daily Tournament ▸ 052 ブラインドストラクチャー / 0:15,CAJcRlRs2__dailytournament-052,テキスト,YORIMICHI Daily Tournament
YORIMICHI Daily Tournament ▸ 053 ブラインドストラクチャー / 20:15 - 20:30,CAJcRlRs2__dailytournament-053,テキスト,YORIMICHI Daily Tournament
YORIMICHI Daily Tournament ▸ 054 ブラインドストラクチャー / Break & Registration Close…,CAJcRlRs2__dailytournament-054,テキスト,YORIMICHI Daily Tournament
"YORIMICHI Daily Tournament ▸ 055 ブラインドストラクチャー / 1,200",CAJcRlRs2__dailytournament-055,テキスト,YORIMICHI Daily Tournament
"YORIMICHI Daily Tournament ▸ 056 ブラインドストラクチャー / 600 - 1,200",CAJcRlRs2__dailytournament-056,テキスト,YORIMICHI Daily Tournament
YORIMICHI Daily Tournament ▸ 057 ブラインドストラクチャー / 0:10,CAJcRlRs2__dailytournament-057,テキスト,YORIMICHI Daily Tournament
YORIMICHI Daily Tournament ▸ 058 ブラインドストラクチャー / 20:40 - 20:50,CAJcRlRs2__dailytournament-058,テキスト,YORIMICHI Daily Tournament
"YORIMICHI Daily Tournament ▸ 059 ブラインドストラクチャー / 1,500",CAJcRlRs2__dailytournament-059,テキスト,YORIMICHI Daily Tournament
"YORIMICHI Daily Tournament ▸ 060 ブラインドストラクチャー / 1,000 - 1,500",CAJcRlRs2__dailytournament-060,テキスト,YORIMICHI Daily Tournament
YORIMICHI Daily Tournament ▸ 061 ブラインドストラクチャー / 0:10,CAJcRlRs2__dailytournament-061,テキスト,YORIMICHI Daily Tournament
YORIMICHI Daily Tournament ▸ 062 ブラインドストラクチャー / 20:50 - 21:00,CAJcRlRs2__dailytournament-062,テキスト,YORIMICHI Daily Tournament
YORIMICHI Daily Tournament ▸ 063 ブラインドストラクチャー / 10,CAJcRlRs2__dailytournament-063,テキスト,YORIMICHI Daily Tournament
"YORIMICHI Daily Tournament ▸ 064 ブラインドストラクチャー / 2,000",CAJcRlRs2__dailytournament-064,テキスト,YORIMICHI Daily Tournament
"YORIMICHI Daily Tournament ▸ 065 ブラインドストラクチャー / 1,000 - 2,000",CAJcRlRs2__dailytournament-065,テキスト,YORIMICHI Daily Tournament
YORIMICHI Daily Tournament ▸ 066 ブラインドストラクチャー / 0:10,CAJcRlRs2__dailytournament-066,テキスト,YORIMICHI Daily Tournament
YORIMICHI Daily Tournament ▸ 067 ブラインドストラクチャー / 21:00 - 21:10,CAJcRlRs2__dailytournament-067,テキスト,YORIMICHI Daily Tournament
YORIMICHI Daily Tournament ▸ 068 ブラインドストラクチャー / 11,CAJcRlRs2__dailytournament-068,テキスト,YORIMICHI Daily Tournament
"YORIMICHI Daily Tournament ▸ 069 ブラインドストラクチャー / 2,500",CAJcRlRs2__dailytournament-069,テキスト,YORIMICHI Daily Tournament
"YORIMICHI Daily Tournament ▸ 070 ブラインドストラクチャー / 1,000 - 2,500",CAJcRlRs2__dailytournament-070,テキスト,YORIMICHI Daily Tournament
YORIMICHI Daily Tournament ▸ 071 ブラインドストラクチャー / 0:10,CAJcRlRs2__dailytournament-071,テキスト,YORIMICHI Daily Tournament
YORIMICHI Daily Tournament ▸ 072 ブラインドストラクチャー / 21:10 - 21:20,CAJcRlRs2__dailytournament-072,テキスト,YORIMICHI Daily Tournament
YORIMICHI Daily Tournament ▸ 073 ブラインドストラクチャー / 100 chips Remove,CAJcRlRs2__dailytournament-073,テキスト,YORIMICHI Daily Tournament
YORIMICHI Daily Tournament ▸ 074 ブラインドストラクチャー / 12,CAJcRlRs2__dailytournament-074,テキスト,YORIMICHI Daily Tournament
"YORIMICHI Daily Tournament ▸ 075 ブラインドストラクチャー / 3,000",CAJcRlRs2__dailytournament-075,テキスト,YORIMICHI Daily Tournament
"YORIMICHI Daily Tournament ▸ 076 ブラインドストラクチャー / 1,500 - 3,000",CAJcRlRs2__dailytournament-076,テキスト,YORIMICHI Daily Tournament
YORIMICHI Daily Tournament ▸ 077 ブラインドストラクチャー / 0:10,CAJcRlRs2__dailytournament-077,テキスト,YORIMICHI Daily Tournament
YORIMICHI Daily Tournament ▸ 078 ブラインドストラクチャー / 21:20 - 21:30,CAJcRlRs2__dailytournament-078,テキスト,YORIMICHI Daily Tournament
YORIMICHI Daily Tournament ▸ 079 ブラインドストラクチャー / 13,CAJcRlRs2__dailytournament-079,テキスト,YORIMICHI Daily Tournament
"YORIMICHI Daily Tournament ▸ 080 ブラインドストラクチャー / 4,000",CAJcRlRs2__dailytournament-080,テキスト,YORIMICHI Daily Tournament
"YORIMICHI Daily Tournament ▸ 081 ブラインドストラクチャー / 2,000 - 4,000",CAJcRlRs2__dailytournament-081,テキスト,YORIMICHI Daily Tournament
YORIMICHI Daily Tournament ▸ 082 ブラインドストラクチャー / 0:10,CAJcRlRs2__dailytournament-082,テキスト,YORIMICHI Daily Tournament
YORIMICHI Daily Tournament ▸ 083 ブラインドストラクチャー / 21:30 - 21:40,CAJcRlRs2__dailytournament-083,テキスト,YORIMICHI Daily Tournament
YORIMICHI Daily Tournament ▸ 084 ブラインドストラクチャー / 14,CAJcRlRs2__dailytournament-084,テキスト,YORIMICHI Daily Tournament
"YORIMICHI Daily Tournament ▸ 085 ブラインドストラクチャー / 5,000",CAJcRlRs2__dailytournament-085,テキスト,YORIMICHI Daily Tournament
"YORIMICHI Daily Tournament ▸ 086 ブラインドストラクチャー / 2,500 - 5,000",CAJcRlRs2__dailytournament-086,テキスト,YORIMICHI Daily Tournament
YORIMICHI Daily Tournament ▸ 087 ブラインドストラクチャー / 0:10,CAJcRlRs2__dailytournament-087,テキスト,YORIMICHI Daily Tournament
YORIMICHI Daily Tournament ▸ 088 ブラインドストラクチャー / 21:40 - 21:50,CAJcRlRs2__dailytournament-088,テキスト,YORIMICHI Daily Tournament
YORIMICHI Daily Tournament ▸ 089 ブラインドストラクチャー / 500 chips Remove,CAJcRlRs2__dailytournament-089,テキスト,YORIMICHI Daily Tournament
YORIMICHI Daily Tournament ▸ 090 ブラインドストラクチャー / 15,CAJcRlRs2__dailytournament-090,テキスト,YORIMICHI Daily Tournament
"YORIMICHI Daily Tournament ▸ 091 ブラインドストラクチャー / 6,000",CAJcRlRs2__dailytournament-091,テキスト,YORIMICHI Daily Tournament
"YORIMICHI Daily Tournament ▸ 092 ブラインドストラクチャー / 3,000 - 6,000",CAJcRlRs2__dailytournament-092,テキスト,YORIMICHI Daily Tournament
YORIMICHI Daily Tournament ▸ 093 ブラインドストラクチャー / 0:10,CAJcRlRs2__dailytournament-093,テキスト,YORIMICHI Daily Tournament
YORIMICHI Daily Tournament ▸ 094 ブラインドストラクチャー / 21:50 - 22:00,CAJcRlRs2__dailytournament-094,テキスト,YORIMICHI Daily Tournament
YORIMICHI Daily Tournament ▸ 095 ブラインドストラクチャー / 16,CAJcRlRs2__dailytournament-095,テキスト,YORIMICHI Daily Tournament
"YORIMICHI Daily Tournament ▸ 096 ブラインドストラクチャー / 8,000",CAJcRlRs2__dailytournament-096,テキスト,YORIMICHI Daily Tournament
"YORIMICHI Daily Tournament ▸ 097 ブラインドストラクチャー / 4,000 - 8,000",CAJcRlRs2__dailytournament-097,テキスト,YORIMICHI Daily Tournament
YORIMICHI Daily Tournament ▸ 098 ブラインドストラクチャー / 0:10,CAJcRlRs2__dailytournament-098,テキスト,YORIMICHI Daily Tournament
YORIMICHI Daily Tournament ▸ 099 ブラインドストラクチャー / 22:00 - 22:10,CAJcRlRs2__dailytournament-099,テキスト,YORIMICHI Daily Tournament
YORIMICHI Daily Tournament ▸ 100 ブラインドストラクチャー / 17,CAJcRlRs2__dailytournament-100,テキスト,YORIMICHI Daily Tournament
"YORIMICHI Daily Tournament ▸ 101 ブラインドストラクチャー / 10,000",CAJcRlRs2__dailytournament-101,テキスト,YORIMICHI Daily Tournament
"YORIMICHI Daily Tournament ▸ 102 ブラインドストラクチャー / 5,000 - 10,000",CAJcRlRs2__dailytournament-102,テキスト,YORIMICHI Daily Tournament
YORIMICHI Daily Tournament ▸ 103 ブラインドストラクチャー / 0:10,CAJcRlRs2__dailytournament-103,テキスト,YORIMICHI Daily Tournament
YORIMICHI Daily Tournament ▸ 104 ブラインドストラクチャー / 22:10 - 22:20,CAJcRlRs2__dailytournament-104,テキスト,YORIMICHI Daily Tournament
YORIMICHI Daily Tournament ▸ 105 ブラインドストラクチャー / 18,CAJcRlRs2__dailytournament-105,テキスト,YORIMICHI Daily Tournament
"YORIMICHI Daily Tournament ▸ 106 ブラインドストラクチャー / 12,000",CAJcRlRs2__dailytournament-106,テキスト,YORIMICHI Daily Tournament
"YORIMICHI Daily Tournament ▸ 107 ブラインドストラクチャー / 6,000 - 12,000",CAJcRlRs2__dailytournament-107,テキスト,YORIMICHI Daily Tournament
YORIMICHI Daily Tournament ▸ 108 ブラインドストラクチャー / 0:10,CAJcRlRs2__dailytournament-108,テキスト,YORIMICHI Daily Tournament
YORIMICHI Daily Tournament ▸ 109 ブラインドストラクチャー / 22:20 - 22:30,CAJcRlRs2__dailytournament-109,テキスト,YORIMICHI Daily Tournament
YORIMICHI Daily Tournament ▸ 110 ブラインドストラクチャー / 19,CAJcRlRs2__dailytournament-110,テキスト,YORIMICHI Daily Tournament
"YORIMICHI Daily Tournament ▸ 111 ブラインドストラクチャー / 15,000",CAJcRlRs2__dailytournament-111,テキスト,YORIMICHI Daily Tournament
"YORIMICHI Daily Tournament ▸ 112 ブラインドストラクチャー / 10,000 - 15,000",CAJcRlRs2__dailytournament-112,テキスト,YORIMICHI Daily Tournament
YORIMICHI Daily Tournament ▸ 113 ブラインドストラクチャー / 0:10,CAJcRlRs2__dailytournament-113,テキスト,YORIMICHI Daily Tournament
YORIMICHI Daily Tournament ▸ 114 ブラインドストラクチャー / 22:30 - 22:40,CAJcRlRs2__dailytournament-114,テキスト,YORIMICHI Daily Tournament
YORIMICHI Daily Tournament ▸ 115 ブラインドストラクチャー / 20,CAJcRlRs2__dailytournament-115,テキスト,YORIMICHI Daily Tournament
"YORIMICHI Daily Tournament ▸ 116 ブラインドストラクチャー / 20,000",CAJcRlRs2__dailytournament-116,テキスト,YORIMICHI Daily Tournament
"YORIMICHI Daily Tournament ▸ 117 ブラインドストラクチャー / 10,000 - 20,000",CAJcRlRs2__dailytournament-117,テキスト,YORIMICHI Daily Tournament
YORIMICHI Daily Tournament ▸ 118 ブラインドストラクチャー / 0:10,CAJcRlRs2__dailytournament-118,テキスト,YORIMICHI Daily Tournament
YORIMICHI Daily Tournament ▸ 119 ブラインドストラクチャー / 22:40 - 22:50,CAJcRlRs2__dailytournament-119,テキスト,YORIMICHI Daily Tournament
YORIMICHI Daily Tournament ▸ 120 ブラインドストラクチャー / 21,CAJcRlRs2__dailytournament-120,テキスト,YORIMICHI Daily Tournament
"YORIMICHI Daily Tournament ▸ 121 ブラインドストラクチャー / 25,000",CAJcRlRs2__dailytournament-121,テキスト,YORIMICHI Daily Tournament
"YORIMICHI Daily Tournament ▸ 122 ブラインドストラクチャー / 15,000 - 25,000",CAJcRlRs2__dailytournament-122,テキスト,YORIMICHI Daily Tournament
YORIMICHI Daily Tournament ▸ 123 ブラインドストラクチャー / 0:10,CAJcRlRs2__dailytournament-123,テキスト,YORIMICHI Daily Tournament
YORIMICHI Daily Tournament ▸ 124 ブラインドストラクチャー / 22:50 - 23:00,CAJcRlRs2__dailytournament-124,テキスト,YORIMICHI Daily Tournament
YORIMICHI Daily Tournament ▸ 125 ブラインドストラクチャー / 22,CAJcRlRs2__dailytournament-125,テキスト,YORIMICHI Daily Tournament
"YORIMICHI Daily Tournament ▸ 126 ブラインドストラクチャー / 30,000",CAJcRlRs2__dailytournament-126,テキスト,YORIMICHI Daily Tournament
"YORIMICHI Daily Tournament ▸ 127 ブラインドストラクチャー / 15,000 - 30,000",CAJcRlRs2__dailytournament-127,テキスト,YORIMICHI Daily Tournament
YORIMICHI Daily Tournament ▸ 128 ブラインドストラクチャー / 0:10,CAJcRlRs2__dailytournament-128,テキスト,YORIMICHI Daily Tournament
YORIMICHI Daily Tournament ▸ 129 ブラインドストラクチャー / 23:00 - 23:10,CAJcRlRs2__dailytournament-129,テキスト,YORIMICHI Daily Tournament
YORIMICHI Daily Tournament ▸ 130 プライズ（エントリー数別） / PRIZE,CAJcRlRs2__dailytournament-130,テキスト,YORIMICHI Daily Tournament
YORIMICHI Daily Tournament ▸ 131 プライズ（エントリー数別） / プライズ（エントリー数別）,CAJcRlRs2__dailytournament-131,テキスト,YORIMICHI Daily Tournament
YORIMICHI Daily Tournament ▸ 132 プライズ（エントリー数別） / エントリー数に応じてプライズ額・入賞人数が変動します…,CAJcRlRs2__dailytournament-132,テキスト,YORIMICHI Daily Tournament
YORIMICHI Daily Tournament ▸ 133 レギュレーション / REGULATION,CAJcRlRs2__dailytournament-133,テキスト,YORIMICHI Daily Tournament
YORIMICHI Daily Tournament ▸ 134 レギュレーション / レギュレーション,CAJcRlRs2__dailytournament-134,テキスト,YORIMICHI Daily Tournament
YORIMICHI Daily Tournament ▸ 135 レギュレーション / 本トーナメントはTDAルール2024に準拠して開催さ…,CAJcRlRs2__dailytournament-135,テキスト,YORIMICHI Daily Tournament
YORIMICHI Daily Tournament ▸ 136 レギュレーション / 本トーナメントにおける最終判断はTDに委ねられます。,CAJcRlRs2__dailytournament-136,テキスト,YORIMICHI Daily Tournament
YORIMICHI Daily Tournament ▸ 137 レギュレーション / 本トーナメントへの参加及びプライズの授与には”Pok…,CAJcRlRs2__dailytournament-137,テキスト,YORIMICHI Daily Tournament
YORIMICHI Daily Tournament ▸ 138 レギュレーション / 本トーナメントのプライズは営業終了時の付与となり、翌…,CAJcRlRs2__dailytournament-138,テキスト,YORIMICHI Daily Tournament
YORIMICHI Daily Tournament ▸ 139 レギュレーション / ストラクチャーはTDの権限で予告なく変更される場合が…,CAJcRlRs2__dailytournament-139,テキスト,YORIMICHI Daily Tournament
YORIMICHI Daily Tournament ▸ 140 レギュレーション / シートリドローはファイナルテーブルスタート時、及びT…,CAJcRlRs2__dailytournament-140,テキスト,YORIMICHI Daily Tournament
Friday Deepstack ▸ 001 Friday Deepstack / HOUSE TOURNAMENT,CAJcRlRs2__deepstack-001,テキスト,Friday Deepstack
Friday Deepstack ▸ 002 Friday Deepstack / Friday Deepstack,CAJcRlRs2__deepstack-002,テキスト,Friday Deepstack
Friday Deepstack ▸ 003 Friday Deepstack / 【Cランク】トーナメント,CAJcRlRs2__deepstack-003,テキスト,Friday Deepstack
Friday Deepstack ▸ 004 Friday Deepstack / 週末限定開催の、ディープスタックでのプレイが楽しめる…,CAJcRlRs2__deepstack-004,テキスト,Friday Deepstack
Friday Deepstack ▸ 005 Friday Deepstack / 深いスタックでのプレイを楽しみたい方におすすめです！,CAJcRlRs2__deepstack-005,テキスト,Friday Deepstack
Friday Deepstack ▸ 006 トーナメント詳細 / SUMMARY,CAJcRlRs2__deepstack-006,テキスト,Friday Deepstack
Friday Deepstack ▸ 007 トーナメント詳細 / トーナメント詳細,CAJcRlRs2__deepstack-007,テキスト,Friday Deepstack
Friday Deepstack ▸ 008 トーナメント詳細 / 開始時刻,CAJcRlRs2__deepstack-008,テキスト,Friday Deepstack
Friday Deepstack ▸ 009 トーナメント詳細 / 19:00,CAJcRlRs2__deepstack-009,テキスト,Friday Deepstack
Friday Deepstack ▸ 010 トーナメント詳細 / レジストレーション締切,CAJcRlRs2__deepstack-010,テキスト,Friday Deepstack
Friday Deepstack ▸ 011 トーナメント詳細 / 20:55 ごろ,CAJcRlRs2__deepstack-011,テキスト,Friday Deepstack
Friday Deepstack ▸ 012 トーナメント詳細 / ゲーム,CAJcRlRs2__deepstack-012,テキスト,Friday Deepstack
Friday Deepstack ▸ 013 トーナメント詳細 / ノーリミット／テキサスホールデム,CAJcRlRs2__deepstack-013,テキスト,Friday Deepstack
Friday Deepstack ▸ 014 トーナメント詳細 / 参加費,CAJcRlRs2__deepstack-014,テキスト,Friday Deepstack
"Friday Deepstack ▸ 015 トーナメント詳細 / ¥3,000",CAJcRlRs2__deepstack-015,テキスト,Friday Deepstack
Friday Deepstack ▸ 016 トーナメント詳細 / スタック,CAJcRlRs2__deepstack-016,テキスト,Friday Deepstack
"Friday Deepstack ▸ 017 トーナメント詳細 / 25,000点",CAJcRlRs2__deepstack-017,テキスト,Friday Deepstack
Friday Deepstack ▸ 018 ブラインドストラクチャー / STRUCTURE,CAJcRlRs2__deepstack-018,テキスト,Friday Deepstack
Friday Deepstack ▸ 019 ブラインドストラクチャー / ブラインドストラクチャー,CAJcRlRs2__deepstack-019,テキスト,Friday Deepstack
Friday Deepstack ▸ 020 ブラインドストラクチャー / ストラクチャー表（全レベル）,CAJcRlRs2__deepstack-020,テキスト,Friday Deepstack
Friday Deepstack ▸ 021 ブラインドストラクチャー / Lv.,CAJcRlRs2__deepstack-021,テキスト,Friday Deepstack
Friday Deepstack ▸ 022 ブラインドストラクチャー / BB Ante,CAJcRlRs2__deepstack-022,テキスト,Friday Deepstack
Friday Deepstack ▸ 023 ブラインドストラクチャー / Blinds,CAJcRlRs2__deepstack-023,テキスト,Friday Deepstack
Friday Deepstack ▸ 024 ブラインドストラクチャー / Duration,CAJcRlRs2__deepstack-024,テキスト,Friday Deepstack
Friday Deepstack ▸ 025 ブラインドストラクチャー / Time Table,CAJcRlRs2__deepstack-025,テキスト,Friday Deepstack
Friday Deepstack ▸ 026 ブラインドストラクチャー / 200,CAJcRlRs2__deepstack-026,テキスト,Friday Deepstack
Friday Deepstack ▸ 027 ブラインドストラクチャー / 100 - 200,CAJcRlRs2__deepstack-027,テキスト,Friday Deepstack
Friday Deepstack ▸ 028 ブラインドストラクチャー / 0:15,CAJcRlRs2__deepstack-028,テキスト,Friday Deepstack
Friday Deepstack ▸ 029 ブラインドストラクチャー / 18:45 - 19:00,CAJcRlRs2__deepstack-029,テキスト,Friday Deepstack
Friday Deepstack ▸ 030 ブラインドストラクチャー / 300,CAJcRlRs2__deepstack-030,テキスト,Friday Deepstack
Friday Deepstack ▸ 031 ブラインドストラクチャー / 200 - 300,CAJcRlRs2__deepstack-031,テキスト,Friday Deepstack
Friday Deepstack ▸ 032 ブラインドストラクチャー / 0:15,CAJcRlRs2__deepstack-032,テキスト,Friday Deepstack
Friday Deepstack ▸ 033 ブラインドストラクチャー / 19:00 - 19:15,CAJcRlRs2__deepstack-033,テキスト,Friday Deepstack
Friday Deepstack ▸ 034 ブラインドストラクチャー / 400,CAJcRlRs2__deepstack-034,テキスト,Friday Deepstack
Friday Deepstack ▸ 035 ブラインドストラクチャー / 200 - 400,CAJcRlRs2__deepstack-035,テキスト,Friday Deepstack
Friday Deepstack ▸ 036 ブラインドストラクチャー / 0:15,CAJcRlRs2__deepstack-036,テキスト,Friday Deepstack
Friday Deepstack ▸ 037 ブラインドストラクチャー / 19:15 - 19:30,CAJcRlRs2__deepstack-037,テキスト,Friday Deepstack
Friday Deepstack ▸ 038 ブラインドストラクチャー / 500,CAJcRlRs2__deepstack-038,テキスト,Friday Deepstack
Friday Deepstack ▸ 039 ブラインドストラクチャー / 300 - 500,CAJcRlRs2__deepstack-039,テキスト,Friday Deepstack
Friday Deepstack ▸ 040 ブラインドストラクチャー / 0:15,CAJcRlRs2__deepstack-040,テキスト,Friday Deepstack
Friday Deepstack ▸ 041 ブラインドストラクチャー / 19:30 - 19:45,CAJcRlRs2__deepstack-041,テキスト,Friday Deepstack
Friday Deepstack ▸ 042 ブラインドストラクチャー / 600,CAJcRlRs2__deepstack-042,テキスト,Friday Deepstack
Friday Deepstack ▸ 043 ブラインドストラクチャー / 300 - 600,CAJcRlRs2__deepstack-043,テキスト,Friday Deepstack
Friday Deepstack ▸ 044 ブラインドストラクチャー / 0:15,CAJcRlRs2__deepstack-044,テキスト,Friday Deepstack
Friday Deepstack ▸ 045 ブラインドストラクチャー / 19:45 - 20:00,CAJcRlRs2__deepstack-045,テキスト,Friday Deepstack
Friday Deepstack ▸ 046 ブラインドストラクチャー / 800,CAJcRlRs2__deepstack-046,テキスト,Friday Deepstack
Friday Deepstack ▸ 047 ブラインドストラクチャー / 400 - 800,CAJcRlRs2__deepstack-047,テキスト,Friday Deepstack
Friday Deepstack ▸ 048 ブラインドストラクチャー / 0:15,CAJcRlRs2__deepstack-048,テキスト,Friday Deepstack
Friday Deepstack ▸ 049 ブラインドストラクチャー / 20:00 - 20:15,CAJcRlRs2__deepstack-049,テキスト,Friday Deepstack
"Friday Deepstack ▸ 050 ブラインドストラクチャー / 1,000",CAJcRlRs2__deepstack-050,テキスト,Friday Deepstack
"Friday Deepstack ▸ 051 ブラインドストラクチャー / 500 - 1,000",CAJcRlRs2__deepstack-051,テキスト,Friday Deepstack
Friday Deepstack ▸ 052 ブラインドストラクチャー / 0:15,CAJcRlRs2__deepstack-052,テキスト,Friday Deepstack
Friday Deepstack ▸ 053 ブラインドストラクチャー / 20:15 - 20:30,CAJcRlRs2__deepstack-053,テキスト,Friday Deepstack
Friday Deepstack ▸ 054 ブラインドストラクチャー / Break & Registration Close…,CAJcRlRs2__deepstack-054,テキスト,Friday Deepstack
"Friday Deepstack ▸ 055 ブラインドストラクチャー / 1,200",CAJcRlRs2__deepstack-055,テキスト,Friday Deepstack
"Friday Deepstack ▸ 056 ブラインドストラクチャー / 600 - 1,200",CAJcRlRs2__deepstack-056,テキスト,Friday Deepstack
Friday Deepstack ▸ 057 ブラインドストラクチャー / 0:10,CAJcRlRs2__deepstack-057,テキスト,Friday Deepstack
Friday Deepstack ▸ 058 ブラインドストラクチャー / 20:40 - 20:50,CAJcRlRs2__deepstack-058,テキスト,Friday Deepstack
"Friday Deepstack ▸ 059 ブラインドストラクチャー / 1,500",CAJcRlRs2__deepstack-059,テキスト,Friday Deepstack
"Friday Deepstack ▸ 060 ブラインドストラクチャー / 1,000 - 1,500",CAJcRlRs2__deepstack-060,テキスト,Friday Deepstack
Friday Deepstack ▸ 061 ブラインドストラクチャー / 0:10,CAJcRlRs2__deepstack-061,テキスト,Friday Deepstack
Friday Deepstack ▸ 062 ブラインドストラクチャー / 20:50 - 21:00,CAJcRlRs2__deepstack-062,テキスト,Friday Deepstack
Friday Deepstack ▸ 063 ブラインドストラクチャー / 10,CAJcRlRs2__deepstack-063,テキスト,Friday Deepstack
"Friday Deepstack ▸ 064 ブラインドストラクチャー / 2,000",CAJcRlRs2__deepstack-064,テキスト,Friday Deepstack
"Friday Deepstack ▸ 065 ブラインドストラクチャー / 1,000 - 2,000",CAJcRlRs2__deepstack-065,テキスト,Friday Deepstack
Friday Deepstack ▸ 066 ブラインドストラクチャー / 0:10,CAJcRlRs2__deepstack-066,テキスト,Friday Deepstack
Friday Deepstack ▸ 067 ブラインドストラクチャー / 21:00 - 21:10,CAJcRlRs2__deepstack-067,テキスト,Friday Deepstack
Friday Deepstack ▸ 068 ブラインドストラクチャー / 11,CAJcRlRs2__deepstack-068,テキスト,Friday Deepstack
"Friday Deepstack ▸ 069 ブラインドストラクチャー / 2,500",CAJcRlRs2__deepstack-069,テキスト,Friday Deepstack
"Friday Deepstack ▸ 070 ブラインドストラクチャー / 1,000 - 2,500",CAJcRlRs2__deepstack-070,テキスト,Friday Deepstack
Friday Deepstack ▸ 071 ブラインドストラクチャー / 0:10,CAJcRlRs2__deepstack-071,テキスト,Friday Deepstack
Friday Deepstack ▸ 072 ブラインドストラクチャー / 21:10 - 21:20,CAJcRlRs2__deepstack-072,テキスト,Friday Deepstack
Friday Deepstack ▸ 073 ブラインドストラクチャー / 100 chips Remove,CAJcRlRs2__deepstack-073,テキスト,Friday Deepstack
Friday Deepstack ▸ 074 ブラインドストラクチャー / 12,CAJcRlRs2__deepstack-074,テキスト,Friday Deepstack
"Friday Deepstack ▸ 075 ブラインドストラクチャー / 3,000",CAJcRlRs2__deepstack-075,テキスト,Friday Deepstack
"Friday Deepstack ▸ 076 ブラインドストラクチャー / 1,500 - 3,000",CAJcRlRs2__deepstack-076,テキスト,Friday Deepstack
Friday Deepstack ▸ 077 ブラインドストラクチャー / 0:10,CAJcRlRs2__deepstack-077,テキスト,Friday Deepstack
Friday Deepstack ▸ 078 ブラインドストラクチャー / 21:20 - 21:30,CAJcRlRs2__deepstack-078,テキスト,Friday Deepstack
Friday Deepstack ▸ 079 ブラインドストラクチャー / 13,CAJcRlRs2__deepstack-079,テキスト,Friday Deepstack
"Friday Deepstack ▸ 080 ブラインドストラクチャー / 4,000",CAJcRlRs2__deepstack-080,テキスト,Friday Deepstack
"Friday Deepstack ▸ 081 ブラインドストラクチャー / 2,000 - 4,000",CAJcRlRs2__deepstack-081,テキスト,Friday Deepstack
Friday Deepstack ▸ 082 ブラインドストラクチャー / 0:10,CAJcRlRs2__deepstack-082,テキスト,Friday Deepstack
Friday Deepstack ▸ 083 ブラインドストラクチャー / 21:30 - 21:40,CAJcRlRs2__deepstack-083,テキスト,Friday Deepstack
Friday Deepstack ▸ 084 ブラインドストラクチャー / 14,CAJcRlRs2__deepstack-084,テキスト,Friday Deepstack
"Friday Deepstack ▸ 085 ブラインドストラクチャー / 5,000",CAJcRlRs2__deepstack-085,テキスト,Friday Deepstack
"Friday Deepstack ▸ 086 ブラインドストラクチャー / 2,500 - 5,000",CAJcRlRs2__deepstack-086,テキスト,Friday Deepstack
Friday Deepstack ▸ 087 ブラインドストラクチャー / 0:10,CAJcRlRs2__deepstack-087,テキスト,Friday Deepstack
Friday Deepstack ▸ 088 ブラインドストラクチャー / 21:40 - 21:50,CAJcRlRs2__deepstack-088,テキスト,Friday Deepstack
Friday Deepstack ▸ 089 ブラインドストラクチャー / 500 chips Remove,CAJcRlRs2__deepstack-089,テキスト,Friday Deepstack
Friday Deepstack ▸ 090 ブラインドストラクチャー / 15,CAJcRlRs2__deepstack-090,テキスト,Friday Deepstack
"Friday Deepstack ▸ 091 ブラインドストラクチャー / 6,000",CAJcRlRs2__deepstack-091,テキスト,Friday Deepstack
"Friday Deepstack ▸ 092 ブラインドストラクチャー / 3,000 - 6,000",CAJcRlRs2__deepstack-092,テキスト,Friday Deepstack
Friday Deepstack ▸ 093 ブラインドストラクチャー / 0:10,CAJcRlRs2__deepstack-093,テキスト,Friday Deepstack
Friday Deepstack ▸ 094 ブラインドストラクチャー / 21:50 - 22:00,CAJcRlRs2__deepstack-094,テキスト,Friday Deepstack
Friday Deepstack ▸ 095 ブラインドストラクチャー / 16,CAJcRlRs2__deepstack-095,テキスト,Friday Deepstack
"Friday Deepstack ▸ 096 ブラインドストラクチャー / 8,000",CAJcRlRs2__deepstack-096,テキスト,Friday Deepstack
"Friday Deepstack ▸ 097 ブラインドストラクチャー / 4,000 - 8,000",CAJcRlRs2__deepstack-097,テキスト,Friday Deepstack
Friday Deepstack ▸ 098 ブラインドストラクチャー / 0:10,CAJcRlRs2__deepstack-098,テキスト,Friday Deepstack
Friday Deepstack ▸ 099 ブラインドストラクチャー / 22:00 - 22:10,CAJcRlRs2__deepstack-099,テキスト,Friday Deepstack
Friday Deepstack ▸ 100 ブラインドストラクチャー / 17,CAJcRlRs2__deepstack-100,テキスト,Friday Deepstack
"Friday Deepstack ▸ 101 ブラインドストラクチャー / 10,000",CAJcRlRs2__deepstack-101,テキスト,Friday Deepstack
"Friday Deepstack ▸ 102 ブラインドストラクチャー / 5,000 - 10,000",CAJcRlRs2__deepstack-102,テキスト,Friday Deepstack
Friday Deepstack ▸ 103 ブラインドストラクチャー / 0:10,CAJcRlRs2__deepstack-103,テキスト,Friday Deepstack
Friday Deepstack ▸ 104 ブラインドストラクチャー / 22:10 - 22:20,CAJcRlRs2__deepstack-104,テキスト,Friday Deepstack
Friday Deepstack ▸ 105 ブラインドストラクチャー / 18,CAJcRlRs2__deepstack-105,テキスト,Friday Deepstack
"Friday Deepstack ▸ 106 ブラインドストラクチャー / 12,000",CAJcRlRs2__deepstack-106,テキスト,Friday Deepstack
"Friday Deepstack ▸ 107 ブラインドストラクチャー / 6,000 - 12,000",CAJcRlRs2__deepstack-107,テキスト,Friday Deepstack
Friday Deepstack ▸ 108 ブラインドストラクチャー / 0:10,CAJcRlRs2__deepstack-108,テキスト,Friday Deepstack
Friday Deepstack ▸ 109 ブラインドストラクチャー / 22:20 - 22:30,CAJcRlRs2__deepstack-109,テキスト,Friday Deepstack
Friday Deepstack ▸ 110 ブラインドストラクチャー / 19,CAJcRlRs2__deepstack-110,テキスト,Friday Deepstack
"Friday Deepstack ▸ 111 ブラインドストラクチャー / 15,000",CAJcRlRs2__deepstack-111,テキスト,Friday Deepstack
"Friday Deepstack ▸ 112 ブラインドストラクチャー / 10,000 - 15,000",CAJcRlRs2__deepstack-112,テキスト,Friday Deepstack
Friday Deepstack ▸ 113 ブラインドストラクチャー / 0:10,CAJcRlRs2__deepstack-113,テキスト,Friday Deepstack
Friday Deepstack ▸ 114 ブラインドストラクチャー / 22:30 - 22:40,CAJcRlRs2__deepstack-114,テキスト,Friday Deepstack
Friday Deepstack ▸ 115 ブラインドストラクチャー / 20,CAJcRlRs2__deepstack-115,テキスト,Friday Deepstack
"Friday Deepstack ▸ 116 ブラインドストラクチャー / 20,000",CAJcRlRs2__deepstack-116,テキスト,Friday Deepstack
"Friday Deepstack ▸ 117 ブラインドストラクチャー / 10,000 - 20,000",CAJcRlRs2__deepstack-117,テキスト,Friday Deepstack
Friday Deepstack ▸ 118 ブラインドストラクチャー / 0:10,CAJcRlRs2__deepstack-118,テキスト,Friday Deepstack
Friday Deepstack ▸ 119 ブラインドストラクチャー / 22:40 - 22:50,CAJcRlRs2__deepstack-119,テキスト,Friday Deepstack
Friday Deepstack ▸ 120 ブラインドストラクチャー / 21,CAJcRlRs2__deepstack-120,テキスト,Friday Deepstack
"Friday Deepstack ▸ 121 ブラインドストラクチャー / 25,000",CAJcRlRs2__deepstack-121,テキスト,Friday Deepstack
"Friday Deepstack ▸ 122 ブラインドストラクチャー / 15,000 - 25,000",CAJcRlRs2__deepstack-122,テキスト,Friday Deepstack
Friday Deepstack ▸ 123 ブラインドストラクチャー / 0:10,CAJcRlRs2__deepstack-123,テキスト,Friday Deepstack
Friday Deepstack ▸ 124 ブラインドストラクチャー / 22:50 - 23:00,CAJcRlRs2__deepstack-124,テキスト,Friday Deepstack
Friday Deepstack ▸ 125 ブラインドストラクチャー / 22,CAJcRlRs2__deepstack-125,テキスト,Friday Deepstack
"Friday Deepstack ▸ 126 ブラインドストラクチャー / 30,000",CAJcRlRs2__deepstack-126,テキスト,Friday Deepstack
"Friday Deepstack ▸ 127 ブラインドストラクチャー / 15,000 - 30,000",CAJcRlRs2__deepstack-127,テキスト,Friday Deepstack
Friday Deepstack ▸ 128 ブラインドストラクチャー / 0:10,CAJcRlRs2__deepstack-128,テキスト,Friday Deepstack
Friday Deepstack ▸ 129 ブラインドストラクチャー / 23:00 - 23:10,CAJcRlRs2__deepstack-129,テキスト,Friday Deepstack
Friday Deepstack ▸ 130 プライズ（エントリー数別） / PRIZE,CAJcRlRs2__deepstack-130,テキスト,Friday Deepstack
Friday Deepstack ▸ 131 プライズ（エントリー数別） / プライズ（エントリー数別）,CAJcRlRs2__deepstack-131,テキスト,Friday Deepstack
Friday Deepstack ▸ 132 プライズ（エントリー数別） / エントリー数に応じてプライズ額・入賞人数が変動します…,CAJcRlRs2__deepstack-132,テキスト,Friday Deepstack
Friday Deepstack ▸ 133 レギュレーション / REGULATION,CAJcRlRs2__deepstack-133,テキスト,Friday Deepstack
Friday Deepstack ▸ 134 レギュレーション / レギュレーション,CAJcRlRs2__deepstack-134,テキスト,Friday Deepstack
Friday Deepstack ▸ 135 レギュレーション / 本トーナメントはTDAルール2024に準拠して開催さ…,CAJcRlRs2__deepstack-135,テキスト,Friday Deepstack
Friday Deepstack ▸ 136 レギュレーション / 本トーナメントにおける最終判断はTDに委ねられます。,CAJcRlRs2__deepstack-136,テキスト,Friday Deepstack
Friday Deepstack ▸ 137 レギュレーション / 本トーナメントへの参加及びプライズの授与には”Pok…,CAJcRlRs2__deepstack-137,テキスト,Friday Deepstack
Friday Deepstack ▸ 138 レギュレーション / 本トーナメントのプライズは営業終了時の付与となり、翌…,CAJcRlRs2__deepstack-138,テキスト,Friday Deepstack
Friday Deepstack ▸ 139 レギュレーション / ストラクチャーはTDの権限で予告なく変更される場合が…,CAJcRlRs2__deepstack-139,テキスト,Friday Deepstack
Friday Deepstack ▸ 140 レギュレーション / シートリドローはファイナルテーブルスタート時、及びT…,CAJcRlRs2__deepstack-140,テキスト,Friday Deepstack
Friday Deepstack ▸ 141 Friday Deepstack / ../../assets/img/pages/img_23_7295ad57.w…,CAJcRlRs2__deepstack-141,画像,Friday Deepstack
High Voltage ▸ 001 High Voltage / HOUSE TOURNAMENT,CAJcRlRs2__highvoltage-001,テキスト,High Voltage
High Voltage ▸ 002 High Voltage / High Voltage,CAJcRlRs2__highvoltage-002,テキスト,High Voltage
High Voltage ▸ 003 High Voltage / 【Cランク】トーナメント,CAJcRlRs2__highvoltage-003,テキスト,High Voltage
High Voltage ▸ 004 High Voltage / SB-BB(Ante)の形式が、1BB-1BB(2B…,CAJcRlRs2__highvoltage-004,テキスト,High Voltage
High Voltage ▸ 005 High Voltage / SBとBBが同額なのでポストフロップが発生しやすくA…,CAJcRlRs2__highvoltage-005,テキスト,High Voltage
High Voltage ▸ 006 High Voltage / 普段と違う戦略が求められるスリリングなトーナメントで…,CAJcRlRs2__highvoltage-006,テキスト,High Voltage
High Voltage ▸ 007 トーナメント詳細 / SUMMARY,CAJcRlRs2__highvoltage-007,テキスト,High Voltage
High Voltage ▸ 008 トーナメント詳細 / トーナメント詳細,CAJcRlRs2__highvoltage-008,テキスト,High Voltage
High Voltage ▸ 009 トーナメント詳細 / 開始時刻,CAJcRlRs2__highvoltage-009,テキスト,High Voltage
High Voltage ▸ 010 トーナメント詳細 / 18:45,CAJcRlRs2__highvoltage-010,テキスト,High Voltage
High Voltage ▸ 011 トーナメント詳細 / レジストレーション締切,CAJcRlRs2__highvoltage-011,テキスト,High Voltage
High Voltage ▸ 012 トーナメント詳細 / 20:40 ごろ,CAJcRlRs2__highvoltage-012,テキスト,High Voltage
High Voltage ▸ 013 トーナメント詳細 / ゲーム,CAJcRlRs2__highvoltage-013,テキスト,High Voltage
High Voltage ▸ 014 トーナメント詳細 / ノーリミット／テキサスホールデム,CAJcRlRs2__highvoltage-014,テキスト,High Voltage
High Voltage ▸ 015 トーナメント詳細 / 参加費,CAJcRlRs2__highvoltage-015,テキスト,High Voltage
"High Voltage ▸ 016 トーナメント詳細 / ¥2,000",CAJcRlRs2__highvoltage-016,テキスト,High Voltage
High Voltage ▸ 017 トーナメント詳細 / スタック,CAJcRlRs2__highvoltage-017,テキスト,High Voltage
"High Voltage ▸ 018 トーナメント詳細 / 20,000点",CAJcRlRs2__highvoltage-018,テキスト,High Voltage
High Voltage ▸ 019 ブラインドストラクチャー / STRUCTURE,CAJcRlRs2__highvoltage-019,テキスト,High Voltage
High Voltage ▸ 020 ブラインドストラクチャー / ブラインドストラクチャー,CAJcRlRs2__highvoltage-020,テキスト,High Voltage
High Voltage ▸ 021 ブラインドストラクチャー / ストラクチャー表（全レベル）,CAJcRlRs2__highvoltage-021,テキスト,High Voltage
High Voltage ▸ 022 ブラインドストラクチャー / Lv.,CAJcRlRs2__highvoltage-022,テキスト,High Voltage
High Voltage ▸ 023 ブラインドストラクチャー / BB Ante,CAJcRlRs2__highvoltage-023,テキスト,High Voltage
High Voltage ▸ 024 ブラインドストラクチャー / Blinds,CAJcRlRs2__highvoltage-024,テキスト,High Voltage
High Voltage ▸ 025 ブラインドストラクチャー / Duration,CAJcRlRs2__highvoltage-025,テキスト,High Voltage
High Voltage ▸ 026 ブラインドストラクチャー / Time Table,CAJcRlRs2__highvoltage-026,テキスト,High Voltage
High Voltage ▸ 027 ブラインドストラクチャー / 300,CAJcRlRs2__highvoltage-027,テキスト,High Voltage
High Voltage ▸ 028 ブラインドストラクチャー / 100 - 100,CAJcRlRs2__highvoltage-028,テキスト,High Voltage
High Voltage ▸ 029 ブラインドストラクチャー / 0:15,CAJcRlRs2__highvoltage-029,テキスト,High Voltage
High Voltage ▸ 030 ブラインドストラクチャー / 18:45 - 19:00,CAJcRlRs2__highvoltage-030,テキスト,High Voltage
High Voltage ▸ 031 ブラインドストラクチャー / 400,CAJcRlRs2__highvoltage-031,テキスト,High Voltage
High Voltage ▸ 032 ブラインドストラクチャー / 200 - 200,CAJcRlRs2__highvoltage-032,テキスト,High Voltage
High Voltage ▸ 033 ブラインドストラクチャー / 0:15,CAJcRlRs2__highvoltage-033,テキスト,High Voltage
High Voltage ▸ 034 ブラインドストラクチャー / 19:00 - 19:15,CAJcRlRs2__highvoltage-034,テキスト,High Voltage
High Voltage ▸ 035 ブラインドストラクチャー / 500,CAJcRlRs2__highvoltage-035,テキスト,High Voltage
High Voltage ▸ 036 ブラインドストラクチャー / 200 - 200,CAJcRlRs2__highvoltage-036,テキスト,High Voltage
High Voltage ▸ 037 ブラインドストラクチャー / 0:15,CAJcRlRs2__highvoltage-037,テキスト,High Voltage
High Voltage ▸ 038 ブラインドストラクチャー / 19:15 - 19:30,CAJcRlRs2__highvoltage-038,テキスト,High Voltage
High Voltage ▸ 039 ブラインドストラクチャー / 600,CAJcRlRs2__highvoltage-039,テキスト,High Voltage
High Voltage ▸ 040 ブラインドストラクチャー / 300 - 300,CAJcRlRs2__highvoltage-040,テキスト,High Voltage
High Voltage ▸ 041 ブラインドストラクチャー / 0:15,CAJcRlRs2__highvoltage-041,テキスト,High Voltage
High Voltage ▸ 042 ブラインドストラクチャー / 19:30 - 19:45,CAJcRlRs2__highvoltage-042,テキスト,High Voltage
High Voltage ▸ 043 ブラインドストラクチャー / 800,CAJcRlRs2__highvoltage-043,テキスト,High Voltage
High Voltage ▸ 044 ブラインドストラクチャー / 400 - 400,CAJcRlRs2__highvoltage-044,テキスト,High Voltage
High Voltage ▸ 045 ブラインドストラクチャー / 0:15,CAJcRlRs2__highvoltage-045,テキスト,High Voltage
High Voltage ▸ 046 ブラインドストラクチャー / 19:45 - 20:00,CAJcRlRs2__highvoltage-046,テキスト,High Voltage
"High Voltage ▸ 047 ブラインドストラクチャー / 1,000",CAJcRlRs2__highvoltage-047,テキスト,High Voltage
High Voltage ▸ 048 ブラインドストラクチャー / 500 - 500,CAJcRlRs2__highvoltage-048,テキスト,High Voltage
High Voltage ▸ 049 ブラインドストラクチャー / 0:15,CAJcRlRs2__highvoltage-049,テキスト,High Voltage
High Voltage ▸ 050 ブラインドストラクチャー / 20:00 - 20:15,CAJcRlRs2__highvoltage-050,テキスト,High Voltage
"High Voltage ▸ 051 ブラインドストラクチャー / 1,200",CAJcRlRs2__highvoltage-051,テキスト,High Voltage
High Voltage ▸ 052 ブラインドストラクチャー / 600 - 600,CAJcRlRs2__highvoltage-052,テキスト,High Voltage
High Voltage ▸ 053 ブラインドストラクチャー / 0:15,CAJcRlRs2__highvoltage-053,テキスト,High Voltage
High Voltage ▸ 054 ブラインドストラクチャー / 20:15 - 20:30,CAJcRlRs2__highvoltage-054,テキスト,High Voltage
High Voltage ▸ 055 ブラインドストラクチャー / Break & Registration Close…,CAJcRlRs2__highvoltage-055,テキスト,High Voltage
"High Voltage ▸ 056 ブラインドストラクチャー / 1,600",CAJcRlRs2__highvoltage-056,テキスト,High Voltage
High Voltage ▸ 057 ブラインドストラクチャー / 800 - 800,CAJcRlRs2__highvoltage-057,テキスト,High Voltage
High Voltage ▸ 058 ブラインドストラクチャー / 0:10,CAJcRlRs2__highvoltage-058,テキスト,High Voltage
High Voltage ▸ 059 ブラインドストラクチャー / 20:40 - 20:50,CAJcRlRs2__highvoltage-059,テキスト,High Voltage
"High Voltage ▸ 060 ブラインドストラクチャー / 2,000",CAJcRlRs2__highvoltage-060,テキスト,High Voltage
"High Voltage ▸ 061 ブラインドストラクチャー / 1,000 - 1,000",CAJcRlRs2__highvoltage-061,テキスト,High Voltage
High Voltage ▸ 062 ブラインドストラクチャー / 0:10,CAJcRlRs2__highvoltage-062,テキスト,High Voltage
High Voltage ▸ 063 ブラインドストラクチャー / 20:50 - 21:00,CAJcRlRs2__highvoltage-063,テキスト,High Voltage
High Voltage ▸ 064 ブラインドストラクチャー / 10,CAJcRlRs2__highvoltage-064,テキスト,High Voltage
"High Voltage ▸ 065 ブラインドストラクチャー / 2,400",CAJcRlRs2__highvoltage-065,テキスト,High Voltage
"High Voltage ▸ 066 ブラインドストラクチャー / 1,200 - 1,200",CAJcRlRs2__highvoltage-066,テキスト,High Voltage
High Voltage ▸ 067 ブラインドストラクチャー / 0:10,CAJcRlRs2__highvoltage-067,テキスト,High Voltage
High Voltage ▸ 068 ブラインドストラクチャー / 21:00 - 21:10,CAJcRlRs2__highvoltage-068,テキスト,High Voltage
High Voltage ▸ 069 ブラインドストラクチャー / 100 chips Remove,CAJcRlRs2__highvoltage-069,テキスト,High Voltage
High Voltage ▸ 070 ブラインドストラクチャー / 11,CAJcRlRs2__highvoltage-070,テキスト,High Voltage
"High Voltage ▸ 071 ブラインドストラクチャー / 3,000",CAJcRlRs2__highvoltage-071,テキスト,High Voltage
"High Voltage ▸ 072 ブラインドストラクチャー / 1,500 - 1,500",CAJcRlRs2__highvoltage-072,テキスト,High Voltage
High Voltage ▸ 073 ブラインドストラクチャー / 0:10,CAJcRlRs2__highvoltage-073,テキスト,High Voltage
High Voltage ▸ 074 ブラインドストラクチャー / 21:10 - 21:20,CAJcRlRs2__highvoltage-074,テキスト,High Voltage
High Voltage ▸ 075 ブラインドストラクチャー / 12,CAJcRlRs2__highvoltage-075,テキスト,High Voltage
"High Voltage ▸ 076 ブラインドストラクチャー / 4,000",CAJcRlRs2__highvoltage-076,テキスト,High Voltage
"High Voltage ▸ 077 ブラインドストラクチャー / 2,000 - 2,000",CAJcRlRs2__highvoltage-077,テキスト,High Voltage
High Voltage ▸ 078 ブラインドストラクチャー / 0:10,CAJcRlRs2__highvoltage-078,テキスト,High Voltage
High Voltage ▸ 079 ブラインドストラクチャー / 21:20 - 21:30,CAJcRlRs2__highvoltage-079,テキスト,High Voltage
High Voltage ▸ 080 ブラインドストラクチャー / 13,CAJcRlRs2__highvoltage-080,テキスト,High Voltage
"High Voltage ▸ 081 ブラインドストラクチャー / 5,000",CAJcRlRs2__highvoltage-081,テキスト,High Voltage
"High Voltage ▸ 082 ブラインドストラクチャー / 2,500 - 2,500",CAJcRlRs2__highvoltage-082,テキスト,High Voltage
High Voltage ▸ 083 ブラインドストラクチャー / 0:10,CAJcRlRs2__highvoltage-083,テキスト,High Voltage
High Voltage ▸ 084 ブラインドストラクチャー / 21:30 - 21:40,CAJcRlRs2__highvoltage-084,テキスト,High Voltage
High Voltage ▸ 085 ブラインドストラクチャー / 500 chips Remove,CAJcRlRs2__highvoltage-085,テキスト,High Voltage
High Voltage ▸ 086 ブラインドストラクチャー / 14,CAJcRlRs2__highvoltage-086,テキスト,High Voltage
"High Voltage ▸ 087 ブラインドストラクチャー / 6,000",CAJcRlRs2__highvoltage-087,テキスト,High Voltage
"High Voltage ▸ 088 ブラインドストラクチャー / 3,000 - 3,000",CAJcRlRs2__highvoltage-088,テキスト,High Voltage
High Voltage ▸ 089 ブラインドストラクチャー / 0:10,CAJcRlRs2__highvoltage-089,テキスト,High Voltage
High Voltage ▸ 090 ブラインドストラクチャー / 21:40 - 21:50,CAJcRlRs2__highvoltage-090,テキスト,High Voltage
High Voltage ▸ 091 ブラインドストラクチャー / 15,CAJcRlRs2__highvoltage-091,テキスト,High Voltage
"High Voltage ▸ 092 ブラインドストラクチャー / 8,000",CAJcRlRs2__highvoltage-092,テキスト,High Voltage
"High Voltage ▸ 093 ブラインドストラクチャー / 4,000 - 4,000",CAJcRlRs2__highvoltage-093,テキスト,High Voltage
High Voltage ▸ 094 ブラインドストラクチャー / 0:10,CAJcRlRs2__highvoltage-094,テキスト,High Voltage
High Voltage ▸ 095 ブラインドストラクチャー / 21:50 - 22:00,CAJcRlRs2__highvoltage-095,テキスト,High Voltage
High Voltage ▸ 096 ブラインドストラクチャー / 16,CAJcRlRs2__highvoltage-096,テキスト,High Voltage
"High Voltage ▸ 097 ブラインドストラクチャー / 10,000",CAJcRlRs2__highvoltage-097,テキスト,High Voltage
"High Voltage ▸ 098 ブラインドストラクチャー / 5,000 - 5,000",CAJcRlRs2__highvoltage-098,テキスト,High Voltage
High Voltage ▸ 099 ブラインドストラクチャー / 0:10,CAJcRlRs2__highvoltage-099,テキスト,High Voltage
High Voltage ▸ 100 ブラインドストラクチャー / 22:00 - 22:10,CAJcRlRs2__highvoltage-100,テキスト,High Voltage
High Voltage ▸ 101 ブラインドストラクチャー / 17,CAJcRlRs2__highvoltage-101,テキスト,High Voltage
"High Voltage ▸ 102 ブラインドストラクチャー / 12,000",CAJcRlRs2__highvoltage-102,テキスト,High Voltage
"High Voltage ▸ 103 ブラインドストラクチャー / 6,000 - 6,000",CAJcRlRs2__highvoltage-103,テキスト,High Voltage
High Voltage ▸ 104 ブラインドストラクチャー / 0:10,CAJcRlRs2__highvoltage-104,テキスト,High Voltage
High Voltage ▸ 105 ブラインドストラクチャー / 22:10 - 22:20,CAJcRlRs2__highvoltage-105,テキスト,High Voltage
High Voltage ▸ 106 ブラインドストラクチャー / 18,CAJcRlRs2__highvoltage-106,テキスト,High Voltage
"High Voltage ▸ 107 ブラインドストラクチャー / 16,000",CAJcRlRs2__highvoltage-107,テキスト,High Voltage
"High Voltage ▸ 108 ブラインドストラクチャー / 8,000 - 8,000",CAJcRlRs2__highvoltage-108,テキスト,High Voltage
High Voltage ▸ 109 ブラインドストラクチャー / 0:10,CAJcRlRs2__highvoltage-109,テキスト,High Voltage
High Voltage ▸ 110 ブラインドストラクチャー / 22:20 - 22:30,CAJcRlRs2__highvoltage-110,テキスト,High Voltage
High Voltage ▸ 111 ブラインドストラクチャー / 19,CAJcRlRs2__highvoltage-111,テキスト,High Voltage
"High Voltage ▸ 112 ブラインドストラクチャー / 20,000",CAJcRlRs2__highvoltage-112,テキスト,High Voltage
"High Voltage ▸ 113 ブラインドストラクチャー / 10,000 - 10,000",CAJcRlRs2__highvoltage-113,テキスト,High Voltage
High Voltage ▸ 114 ブラインドストラクチャー / 0:10,CAJcRlRs2__highvoltage-114,テキスト,High Voltage
High Voltage ▸ 115 ブラインドストラクチャー / 22:30 - 22:40,CAJcRlRs2__highvoltage-115,テキスト,High Voltage
High Voltage ▸ 116 ブラインドストラクチャー / 20,CAJcRlRs2__highvoltage-116,テキスト,High Voltage
"High Voltage ▸ 117 ブラインドストラクチャー / 24,000",CAJcRlRs2__highvoltage-117,テキスト,High Voltage
"High Voltage ▸ 118 ブラインドストラクチャー / 12,000 - 12,000",CAJcRlRs2__highvoltage-118,テキスト,High Voltage
High Voltage ▸ 119 ブラインドストラクチャー / 0:10,CAJcRlRs2__highvoltage-119,テキスト,High Voltage
High Voltage ▸ 120 ブラインドストラクチャー / 22:40 - 22:50,CAJcRlRs2__highvoltage-120,テキスト,High Voltage
High Voltage ▸ 121 ブラインドストラクチャー / 21,CAJcRlRs2__highvoltage-121,テキスト,High Voltage
"High Voltage ▸ 122 ブラインドストラクチャー / 30,000",CAJcRlRs2__highvoltage-122,テキスト,High Voltage
"High Voltage ▸ 123 ブラインドストラクチャー / 15,000 - 15,000",CAJcRlRs2__highvoltage-123,テキスト,High Voltage
High Voltage ▸ 124 ブラインドストラクチャー / 0:10,CAJcRlRs2__highvoltage-124,テキスト,High Voltage
High Voltage ▸ 125 ブラインドストラクチャー / 22:50 - 23:00,CAJcRlRs2__highvoltage-125,テキスト,High Voltage
High Voltage ▸ 126 ブラインドストラクチャー / 22,CAJcRlRs2__highvoltage-126,テキスト,High Voltage
"High Voltage ▸ 127 ブラインドストラクチャー / 40,000",CAJcRlRs2__highvoltage-127,テキスト,High Voltage
"High Voltage ▸ 128 ブラインドストラクチャー / 20,000 - 20,000",CAJcRlRs2__highvoltage-128,テキスト,High Voltage
High Voltage ▸ 129 ブラインドストラクチャー / 0:10,CAJcRlRs2__highvoltage-129,テキスト,High Voltage
High Voltage ▸ 130 ブラインドストラクチャー / 23:00 - 23:10,CAJcRlRs2__highvoltage-130,テキスト,High Voltage
High Voltage ▸ 131 プライズ（エントリー数別） / PRIZE,CAJcRlRs2__highvoltage-131,テキスト,High Voltage
High Voltage ▸ 132 プライズ（エントリー数別） / プライズ（エントリー数別）,CAJcRlRs2__highvoltage-132,テキスト,High Voltage
High Voltage ▸ 133 プライズ（エントリー数別） / エントリー数に応じてプライズ額・入賞人数が変動します…,CAJcRlRs2__highvoltage-133,テキスト,High Voltage
High Voltage ▸ 134 レギュレーション / REGULATION,CAJcRlRs2__highvoltage-134,テキスト,High Voltage
High Voltage ▸ 135 レギュレーション / レギュレーション,CAJcRlRs2__highvoltage-135,テキスト,High Voltage
High Voltage ▸ 136 レギュレーション / 本トーナメントはTDAルール2024に準拠して開催さ…,CAJcRlRs2__highvoltage-136,テキスト,High Voltage
High Voltage ▸ 137 レギュレーション / 本トーナメントにおける最終判断はTDに委ねられます。,CAJcRlRs2__highvoltage-137,テキスト,High Voltage
High Voltage ▸ 138 レギュレーション / 本トーナメントへの参加及びプライズの授与には”Pok…,CAJcRlRs2__highvoltage-138,テキスト,High Voltage
High Voltage ▸ 139 レギュレーション / 本トーナメントのプライズは営業終了時の付与となり、翌…,CAJcRlRs2__highvoltage-139,テキスト,High Voltage
High Voltage ▸ 140 レギュレーション / ストラクチャーはTDの権限で予告なく変更される場合が…,CAJcRlRs2__highvoltage-140,テキスト,High Voltage
High Voltage ▸ 141 レギュレーション / シートリドローはファイナルテーブルスタート時、及びT…,CAJcRlRs2__highvoltage-141,テキスト,High Voltage
High Voltage ▸ 142 High Voltage / ../../assets/img/pages/img_20_f71480bd.w…,CAJcRlRs2__highvoltage-142,画像,High Voltage
Hyper Turbo ▸ 001 Hyper Turbo / HOUSE TOURNAMENT,CAJcRlRs2__hyperturbo-001,テキスト,Hyper Turbo
Hyper Turbo ▸ 002 Hyper Turbo / Hyper Turbo,CAJcRlRs2__hyperturbo-002,テキスト,Hyper Turbo
Hyper Turbo ▸ 003 Hyper Turbo / 【Dランク】トーナメント,CAJcRlRs2__hyperturbo-003,テキスト,Hyper Turbo
Hyper Turbo ▸ 004 Hyper Turbo / およそ2時間で決着がつく、ハイパーターボトーナメント…,CAJcRlRs2__hyperturbo-004,テキスト,Hyper Turbo
Hyper Turbo ▸ 005 Hyper Turbo / 初めてのトーナメントにもおすすめです。,CAJcRlRs2__hyperturbo-005,テキスト,Hyper Turbo
Hyper Turbo ▸ 006 Hyper Turbo / 今なら期間限定プライズで、最大2位のプレイヤーまで、…,CAJcRlRs2__hyperturbo-006,テキスト,Hyper Turbo
Hyper Turbo ▸ 007 トーナメント詳細 / SUMMARY,CAJcRlRs2__hyperturbo-007,テキスト,Hyper Turbo
Hyper Turbo ▸ 008 トーナメント詳細 / トーナメント詳細,CAJcRlRs2__hyperturbo-008,テキスト,Hyper Turbo
Hyper Turbo ▸ 009 トーナメント詳細 / 開始時刻,CAJcRlRs2__hyperturbo-009,テキスト,Hyper Turbo
Hyper Turbo ▸ 010 トーナメント詳細 / 17:20,CAJcRlRs2__hyperturbo-010,テキスト,Hyper Turbo
Hyper Turbo ▸ 011 トーナメント詳細 / レジストレーション締切,CAJcRlRs2__hyperturbo-011,テキスト,Hyper Turbo
Hyper Turbo ▸ 012 トーナメント詳細 / 18:30 ごろ,CAJcRlRs2__hyperturbo-012,テキスト,Hyper Turbo
Hyper Turbo ▸ 013 トーナメント詳細 / ゲーム,CAJcRlRs2__hyperturbo-013,テキスト,Hyper Turbo
Hyper Turbo ▸ 014 トーナメント詳細 / ノーリミット／テキサスホールデム,CAJcRlRs2__hyperturbo-014,テキスト,Hyper Turbo
Hyper Turbo ▸ 015 トーナメント詳細 / 参加費,CAJcRlRs2__hyperturbo-015,テキスト,Hyper Turbo
"Hyper Turbo ▸ 016 トーナメント詳細 / ¥1,000",CAJcRlRs2__hyperturbo-016,テキスト,Hyper Turbo
Hyper Turbo ▸ 017 トーナメント詳細 / スタック,CAJcRlRs2__hyperturbo-017,テキスト,Hyper Turbo
"Hyper Turbo ▸ 018 トーナメント詳細 / 10,000点",CAJcRlRs2__hyperturbo-018,テキスト,Hyper Turbo
Hyper Turbo ▸ 019 ブラインドストラクチャー / STRUCTURE,CAJcRlRs2__hyperturbo-019,テキスト,Hyper Turbo
Hyper Turbo ▸ 020 ブラインドストラクチャー / ブラインドストラクチャー,CAJcRlRs2__hyperturbo-020,テキスト,Hyper Turbo
Hyper Turbo ▸ 021 ブラインドストラクチャー / ストラクチャー表（Lv.1-3）,CAJcRlRs2__hyperturbo-021,テキスト,Hyper Turbo
Hyper Turbo ▸ 022 ブラインドストラクチャー / Lv.,CAJcRlRs2__hyperturbo-022,テキスト,Hyper Turbo
Hyper Turbo ▸ 023 ブラインドストラクチャー / BB Ante,CAJcRlRs2__hyperturbo-023,テキスト,Hyper Turbo
Hyper Turbo ▸ 024 ブラインドストラクチャー / Blinds,CAJcRlRs2__hyperturbo-024,テキスト,Hyper Turbo
Hyper Turbo ▸ 025 ブラインドストラクチャー / Duration,CAJcRlRs2__hyperturbo-025,テキスト,Hyper Turbo
Hyper Turbo ▸ 026 ブラインドストラクチャー / Time Table,CAJcRlRs2__hyperturbo-026,テキスト,Hyper Turbo
Hyper Turbo ▸ 027 ブラインドストラクチャー / 100,CAJcRlRs2__hyperturbo-027,テキスト,Hyper Turbo
Hyper Turbo ▸ 028 ブラインドストラクチャー / 100 - 100,CAJcRlRs2__hyperturbo-028,テキスト,Hyper Turbo
Hyper Turbo ▸ 029 ブラインドストラクチャー / 0:10,CAJcRlRs2__hyperturbo-029,テキスト,Hyper Turbo
Hyper Turbo ▸ 030 ブラインドストラクチャー / 17:20 - 17:30,CAJcRlRs2__hyperturbo-030,テキスト,Hyper Turbo
Hyper Turbo ▸ 031 ブラインドストラクチャー / 200,CAJcRlRs2__hyperturbo-031,テキスト,Hyper Turbo
Hyper Turbo ▸ 032 ブラインドストラクチャー / 100 - 200,CAJcRlRs2__hyperturbo-032,テキスト,Hyper Turbo
Hyper Turbo ▸ 033 ブラインドストラクチャー / 0:10,CAJcRlRs2__hyperturbo-033,テキスト,Hyper Turbo
Hyper Turbo ▸ 034 ブラインドストラクチャー / 17:30 - 17:40,CAJcRlRs2__hyperturbo-034,テキスト,Hyper Turbo
Hyper Turbo ▸ 035 ブラインドストラクチャー / 300,CAJcRlRs2__hyperturbo-035,テキスト,Hyper Turbo
Hyper Turbo ▸ 036 ブラインドストラクチャー / 200 - 300,CAJcRlRs2__hyperturbo-036,テキスト,Hyper Turbo
Hyper Turbo ▸ 037 ブラインドストラクチャー / 0:10,CAJcRlRs2__hyperturbo-037,テキスト,Hyper Turbo
Hyper Turbo ▸ 038 ブラインドストラクチャー / 17:40 - 17:50,CAJcRlRs2__hyperturbo-038,テキスト,Hyper Turbo
Hyper Turbo ▸ 039 ブラインドストラクチャー / ※ Lv.4 以降のストラクチャーは当日のストラクチ…,CAJcRlRs2__hyperturbo-039,テキスト,Hyper Turbo
Hyper Turbo ▸ 040 プライズ（エントリー数別） / PRIZE,CAJcRlRs2__hyperturbo-040,テキスト,Hyper Turbo
Hyper Turbo ▸ 041 プライズ（エントリー数別） / プライズ（エントリー数別）,CAJcRlRs2__hyperturbo-041,テキスト,Hyper Turbo
Hyper Turbo ▸ 042 プライズ（エントリー数別） / エントリー数に応じてプライズ額・入賞人数が変動します…,CAJcRlRs2__hyperturbo-042,テキスト,Hyper Turbo
Hyper Turbo ▸ 043 レギュレーション / REGULATION,CAJcRlRs2__hyperturbo-043,テキスト,Hyper Turbo
Hyper Turbo ▸ 044 レギュレーション / レギュレーション,CAJcRlRs2__hyperturbo-044,テキスト,Hyper Turbo
Hyper Turbo ▸ 045 レギュレーション / ★期間限定！+αプライズ！ 1位：当日のメイントナメ…,CAJcRlRs2__hyperturbo-045,テキスト,Hyper Turbo
Hyper Turbo ▸ 046 レギュレーション / 本トーナメントはTDAルール2024に準拠して開催さ…,CAJcRlRs2__hyperturbo-046,テキスト,Hyper Turbo
Hyper Turbo ▸ 047 レギュレーション / 本トーナメントにおける最終判断はTDに委ねられます。,CAJcRlRs2__hyperturbo-047,テキスト,Hyper Turbo
Hyper Turbo ▸ 048 レギュレーション / 本トーナメントへの参加及びプライズの授与には”Pok…,CAJcRlRs2__hyperturbo-048,テキスト,Hyper Turbo
Hyper Turbo ▸ 049 レギュレーション / 本トーナメントのプライズは営業終了時の付与となり、翌…,CAJcRlRs2__hyperturbo-049,テキスト,Hyper Turbo
Hyper Turbo ▸ 050 レギュレーション / ストラクチャーはTDの権限で予告なく変更される場合が…,CAJcRlRs2__hyperturbo-050,テキスト,Hyper Turbo
Hyper Turbo ▸ 051 Hyper Turbo / ../../assets/img/pages/img_27_4a371c7d.w…,CAJcRlRs2__hyperturbo-051,画像,Hyper Turbo
K.O. Bounty ▸ 001 K.O. Bounty / HOUSE TOURNAMENT,CAJcRlRs2__kobounty-001,テキスト,K.O. Bounty
K.O. Bounty ▸ 002 K.O. Bounty / K.O. Bounty,CAJcRlRs2__kobounty-002,テキスト,K.O. Bounty
K.O. Bounty ▸ 003 K.O. Bounty / 【Cランク】トーナメント,CAJcRlRs2__kobounty-003,テキスト,K.O. Bounty
K.O. Bounty ▸ 004 K.O. Bounty / バウンティ形式のトーナメントです。 1人ノックアウト…,CAJcRlRs2__kobounty-004,テキスト,K.O. Bounty
K.O. Bounty ▸ 005 トーナメント詳細 / SUMMARY,CAJcRlRs2__kobounty-005,テキスト,K.O. Bounty
K.O. Bounty ▸ 006 トーナメント詳細 / トーナメント詳細,CAJcRlRs2__kobounty-006,テキスト,K.O. Bounty
K.O. Bounty ▸ 007 トーナメント詳細 / 開始時刻,CAJcRlRs2__kobounty-007,テキスト,K.O. Bounty
K.O. Bounty ▸ 008 トーナメント詳細 / 18:45,CAJcRlRs2__kobounty-008,テキスト,K.O. Bounty
K.O. Bounty ▸ 009 トーナメント詳細 / レジストレーション締切,CAJcRlRs2__kobounty-009,テキスト,K.O. Bounty
K.O. Bounty ▸ 010 トーナメント詳細 / 20:40 ごろ,CAJcRlRs2__kobounty-010,テキスト,K.O. Bounty
K.O. Bounty ▸ 011 トーナメント詳細 / ゲーム,CAJcRlRs2__kobounty-011,テキスト,K.O. Bounty
K.O. Bounty ▸ 012 トーナメント詳細 / ノーリミット／テキサスホールデム,CAJcRlRs2__kobounty-012,テキスト,K.O. Bounty
K.O. Bounty ▸ 013 トーナメント詳細 / 参加費,CAJcRlRs2__kobounty-013,テキスト,K.O. Bounty
"K.O. Bounty ▸ 014 トーナメント詳細 / ¥2,000",CAJcRlRs2__kobounty-014,テキスト,K.O. Bounty
K.O. Bounty ▸ 015 トーナメント詳細 / スタック,CAJcRlRs2__kobounty-015,テキスト,K.O. Bounty
"K.O. Bounty ▸ 016 トーナメント詳細 / 20,000点",CAJcRlRs2__kobounty-016,テキスト,K.O. Bounty
K.O. Bounty ▸ 017 ブラインドストラクチャー / STRUCTURE,CAJcRlRs2__kobounty-017,テキスト,K.O. Bounty
K.O. Bounty ▸ 018 ブラインドストラクチャー / ブラインドストラクチャー,CAJcRlRs2__kobounty-018,テキスト,K.O. Bounty
K.O. Bounty ▸ 019 ブラインドストラクチャー / ストラクチャー表（全レベル）,CAJcRlRs2__kobounty-019,テキスト,K.O. Bounty
K.O. Bounty ▸ 020 ブラインドストラクチャー / Lv.,CAJcRlRs2__kobounty-020,テキスト,K.O. Bounty
K.O. Bounty ▸ 021 ブラインドストラクチャー / BB Ante,CAJcRlRs2__kobounty-021,テキスト,K.O. Bounty
K.O. Bounty ▸ 022 ブラインドストラクチャー / Blinds,CAJcRlRs2__kobounty-022,テキスト,K.O. Bounty
K.O. Bounty ▸ 023 ブラインドストラクチャー / Duration,CAJcRlRs2__kobounty-023,テキスト,K.O. Bounty
K.O. Bounty ▸ 024 ブラインドストラクチャー / Time Table,CAJcRlRs2__kobounty-024,テキスト,K.O. Bounty
K.O. Bounty ▸ 025 ブラインドストラクチャー / 100 - 200,CAJcRlRs2__kobounty-025,テキスト,K.O. Bounty
K.O. Bounty ▸ 026 ブラインドストラクチャー / 0:15,CAJcRlRs2__kobounty-026,テキスト,K.O. Bounty
K.O. Bounty ▸ 027 ブラインドストラクチャー / 18:45 - 19:00,CAJcRlRs2__kobounty-027,テキスト,K.O. Bounty
K.O. Bounty ▸ 028 ブラインドストラクチャー / 300,CAJcRlRs2__kobounty-028,テキスト,K.O. Bounty
K.O. Bounty ▸ 029 ブラインドストラクチャー / 200 - 300,CAJcRlRs2__kobounty-029,テキスト,K.O. Bounty
K.O. Bounty ▸ 030 ブラインドストラクチャー / 0:15,CAJcRlRs2__kobounty-030,テキスト,K.O. Bounty
K.O. Bounty ▸ 031 ブラインドストラクチャー / 19:00 - 19:15,CAJcRlRs2__kobounty-031,テキスト,K.O. Bounty
K.O. Bounty ▸ 032 ブラインドストラクチャー / 400,CAJcRlRs2__kobounty-032,テキスト,K.O. Bounty
K.O. Bounty ▸ 033 ブラインドストラクチャー / 200 - 400,CAJcRlRs2__kobounty-033,テキスト,K.O. Bounty
K.O. Bounty ▸ 034 ブラインドストラクチャー / 0:15,CAJcRlRs2__kobounty-034,テキスト,K.O. Bounty
K.O. Bounty ▸ 035 ブラインドストラクチャー / 19:15 - 19:30,CAJcRlRs2__kobounty-035,テキスト,K.O. Bounty
K.O. Bounty ▸ 036 ブラインドストラクチャー / 500,CAJcRlRs2__kobounty-036,テキスト,K.O. Bounty
K.O. Bounty ▸ 037 ブラインドストラクチャー / 300 - 500,CAJcRlRs2__kobounty-037,テキスト,K.O. Bounty
K.O. Bounty ▸ 038 ブラインドストラクチャー / 0:15,CAJcRlRs2__kobounty-038,テキスト,K.O. Bounty
K.O. Bounty ▸ 039 ブラインドストラクチャー / 19:30 - 19:45,CAJcRlRs2__kobounty-039,テキスト,K.O. Bounty
K.O. Bounty ▸ 040 ブラインドストラクチャー / 600,CAJcRlRs2__kobounty-040,テキスト,K.O. Bounty
K.O. Bounty ▸ 041 ブラインドストラクチャー / 300 - 600,CAJcRlRs2__kobounty-041,テキスト,K.O. Bounty
K.O. Bounty ▸ 042 ブラインドストラクチャー / 0:15,CAJcRlRs2__kobounty-042,テキスト,K.O. Bounty
K.O. Bounty ▸ 043 ブラインドストラクチャー / 19:45 - 20:00,CAJcRlRs2__kobounty-043,テキスト,K.O. Bounty
K.O. Bounty ▸ 044 ブラインドストラクチャー / 800,CAJcRlRs2__kobounty-044,テキスト,K.O. Bounty
K.O. Bounty ▸ 045 ブラインドストラクチャー / 400 - 800,CAJcRlRs2__kobounty-045,テキスト,K.O. Bounty
K.O. Bounty ▸ 046 ブラインドストラクチャー / 0:15,CAJcRlRs2__kobounty-046,テキスト,K.O. Bounty
K.O. Bounty ▸ 047 ブラインドストラクチャー / 20:00 - 20:15,CAJcRlRs2__kobounty-047,テキスト,K.O. Bounty
"K.O. Bounty ▸ 048 ブラインドストラクチャー / 1,000",CAJcRlRs2__kobounty-048,テキスト,K.O. Bounty
"K.O. Bounty ▸ 049 ブラインドストラクチャー / 500 - 1,000",CAJcRlRs2__kobounty-049,テキスト,K.O. Bounty
K.O. Bounty ▸ 050 ブラインドストラクチャー / 0:15,CAJcRlRs2__kobounty-050,テキスト,K.O. Bounty
K.O. Bounty ▸ 051 ブラインドストラクチャー / 20:15 - 20:30,CAJcRlRs2__kobounty-051,テキスト,K.O. Bounty
K.O. Bounty ▸ 052 ブラインドストラクチャー / Break & Registration Close…,CAJcRlRs2__kobounty-052,テキスト,K.O. Bounty
"K.O. Bounty ▸ 053 ブラインドストラクチャー / 1,200",CAJcRlRs2__kobounty-053,テキスト,K.O. Bounty
"K.O. Bounty ▸ 054 ブラインドストラクチャー / 600 - 1,200",CAJcRlRs2__kobounty-054,テキスト,K.O. Bounty
K.O. Bounty ▸ 055 ブラインドストラクチャー / 0:10,CAJcRlRs2__kobounty-055,テキスト,K.O. Bounty
K.O. Bounty ▸ 056 ブラインドストラクチャー / 20:40 - 20:50,CAJcRlRs2__kobounty-056,テキスト,K.O. Bounty
"K.O. Bounty ▸ 057 ブラインドストラクチャー / 1,500",CAJcRlRs2__kobounty-057,テキスト,K.O. Bounty
"K.O. Bounty ▸ 058 ブラインドストラクチャー / 1,000 - 1,500",CAJcRlRs2__kobounty-058,テキスト,K.O. Bounty
K.O. Bounty ▸ 059 ブラインドストラクチャー / 0:10,CAJcRlRs2__kobounty-059,テキスト,K.O. Bounty
K.O. Bounty ▸ 060 ブラインドストラクチャー / 20:50 - 21:00,CAJcRlRs2__kobounty-060,テキスト,K.O. Bounty
K.O. Bounty ▸ 061 ブラインドストラクチャー / 10,CAJcRlRs2__kobounty-061,テキスト,K.O. Bounty
"K.O. Bounty ▸ 062 ブラインドストラクチャー / 2,000",CAJcRlRs2__kobounty-062,テキスト,K.O. Bounty
"K.O. Bounty ▸ 063 ブラインドストラクチャー / 1,000 - 2,000",CAJcRlRs2__kobounty-063,テキスト,K.O. Bounty
K.O. Bounty ▸ 064 ブラインドストラクチャー / 0:10,CAJcRlRs2__kobounty-064,テキスト,K.O. Bounty
K.O. Bounty ▸ 065 ブラインドストラクチャー / 21:00 - 21:10,CAJcRlRs2__kobounty-065,テキスト,K.O. Bounty
K.O. Bounty ▸ 066 ブラインドストラクチャー / 11,CAJcRlRs2__kobounty-066,テキスト,K.O. Bounty
"K.O. Bounty ▸ 067 ブラインドストラクチャー / 2,500",CAJcRlRs2__kobounty-067,テキスト,K.O. Bounty
"K.O. Bounty ▸ 068 ブラインドストラクチャー / 1,000 - 2,500",CAJcRlRs2__kobounty-068,テキスト,K.O. Bounty
K.O. Bounty ▸ 069 ブラインドストラクチャー / 0:10,CAJcRlRs2__kobounty-069,テキスト,K.O. Bounty
K.O. Bounty ▸ 070 ブラインドストラクチャー / 21:10 - 21:20,CAJcRlRs2__kobounty-070,テキスト,K.O. Bounty
K.O. Bounty ▸ 071 ブラインドストラクチャー / 100 chips Remove,CAJcRlRs2__kobounty-071,テキスト,K.O. Bounty
K.O. Bounty ▸ 072 ブラインドストラクチャー / 12,CAJcRlRs2__kobounty-072,テキスト,K.O. Bounty
"K.O. Bounty ▸ 073 ブラインドストラクチャー / 3,000",CAJcRlRs2__kobounty-073,テキスト,K.O. Bounty
"K.O. Bounty ▸ 074 ブラインドストラクチャー / 1,500 - 3,000",CAJcRlRs2__kobounty-074,テキスト,K.O. Bounty
K.O. Bounty ▸ 075 ブラインドストラクチャー / 0:10,CAJcRlRs2__kobounty-075,テキスト,K.O. Bounty
K.O. Bounty ▸ 076 ブラインドストラクチャー / 21:20 - 21:30,CAJcRlRs2__kobounty-076,テキスト,K.O. Bounty
K.O. Bounty ▸ 077 ブラインドストラクチャー / 13,CAJcRlRs2__kobounty-077,テキスト,K.O. Bounty
"K.O. Bounty ▸ 078 ブラインドストラクチャー / 4,000",CAJcRlRs2__kobounty-078,テキスト,K.O. Bounty
"K.O. Bounty ▸ 079 ブラインドストラクチャー / 2,000 - 4,000",CAJcRlRs2__kobounty-079,テキスト,K.O. Bounty
K.O. Bounty ▸ 080 ブラインドストラクチャー / 0:10,CAJcRlRs2__kobounty-080,テキスト,K.O. Bounty
K.O. Bounty ▸ 081 ブラインドストラクチャー / 21:30 - 21:40,CAJcRlRs2__kobounty-081,テキスト,K.O. Bounty
K.O. Bounty ▸ 082 ブラインドストラクチャー / 14,CAJcRlRs2__kobounty-082,テキスト,K.O. Bounty
"K.O. Bounty ▸ 083 ブラインドストラクチャー / 5,000",CAJcRlRs2__kobounty-083,テキスト,K.O. Bounty
"K.O. Bounty ▸ 084 ブラインドストラクチャー / 2,500 - 5,000",CAJcRlRs2__kobounty-084,テキスト,K.O. Bounty
K.O. Bounty ▸ 085 ブラインドストラクチャー / 0:10,CAJcRlRs2__kobounty-085,テキスト,K.O. Bounty
K.O. Bounty ▸ 086 ブラインドストラクチャー / 21:40 - 21:50,CAJcRlRs2__kobounty-086,テキスト,K.O. Bounty
K.O. Bounty ▸ 087 ブラインドストラクチャー / 500 chips Remove,CAJcRlRs2__kobounty-087,テキスト,K.O. Bounty
K.O. Bounty ▸ 088 ブラインドストラクチャー / 15,CAJcRlRs2__kobounty-088,テキスト,K.O. Bounty
"K.O. Bounty ▸ 089 ブラインドストラクチャー / 6,000",CAJcRlRs2__kobounty-089,テキスト,K.O. Bounty
"K.O. Bounty ▸ 090 ブラインドストラクチャー / 3,000 - 6,000",CAJcRlRs2__kobounty-090,テキスト,K.O. Bounty
K.O. Bounty ▸ 091 ブラインドストラクチャー / 0:10,CAJcRlRs2__kobounty-091,テキスト,K.O. Bounty
K.O. Bounty ▸ 092 ブラインドストラクチャー / 21:50 - 22:00,CAJcRlRs2__kobounty-092,テキスト,K.O. Bounty
K.O. Bounty ▸ 093 ブラインドストラクチャー / 16,CAJcRlRs2__kobounty-093,テキスト,K.O. Bounty
"K.O. Bounty ▸ 094 ブラインドストラクチャー / 8,000",CAJcRlRs2__kobounty-094,テキスト,K.O. Bounty
"K.O. Bounty ▸ 095 ブラインドストラクチャー / 4,000 - 8,000",CAJcRlRs2__kobounty-095,テキスト,K.O. Bounty
K.O. Bounty ▸ 096 ブラインドストラクチャー / 0:10,CAJcRlRs2__kobounty-096,テキスト,K.O. Bounty
K.O. Bounty ▸ 097 ブラインドストラクチャー / 22:00 - 22:10,CAJcRlRs2__kobounty-097,テキスト,K.O. Bounty
K.O. Bounty ▸ 098 ブラインドストラクチャー / 17,CAJcRlRs2__kobounty-098,テキスト,K.O. Bounty
"K.O. Bounty ▸ 099 ブラインドストラクチャー / 10,000",CAJcRlRs2__kobounty-099,テキスト,K.O. Bounty
"K.O. Bounty ▸ 100 ブラインドストラクチャー / 5,000 - 10,000",CAJcRlRs2__kobounty-100,テキスト,K.O. Bounty
K.O. Bounty ▸ 101 ブラインドストラクチャー / 0:10,CAJcRlRs2__kobounty-101,テキスト,K.O. Bounty
K.O. Bounty ▸ 102 ブラインドストラクチャー / 22:10 - 22:20,CAJcRlRs2__kobounty-102,テキスト,K.O. Bounty
K.O. Bounty ▸ 103 ブラインドストラクチャー / 18,CAJcRlRs2__kobounty-103,テキスト,K.O. Bounty
"K.O. Bounty ▸ 104 ブラインドストラクチャー / 12,000",CAJcRlRs2__kobounty-104,テキスト,K.O. Bounty
"K.O. Bounty ▸ 105 ブラインドストラクチャー / 6,000 - 12,000",CAJcRlRs2__kobounty-105,テキスト,K.O. Bounty
K.O. Bounty ▸ 106 ブラインドストラクチャー / 0:10,CAJcRlRs2__kobounty-106,テキスト,K.O. Bounty
K.O. Bounty ▸ 107 ブラインドストラクチャー / 22:20 - 22:30,CAJcRlRs2__kobounty-107,テキスト,K.O. Bounty
K.O. Bounty ▸ 108 ブラインドストラクチャー / 19,CAJcRlRs2__kobounty-108,テキスト,K.O. Bounty
"K.O. Bounty ▸ 109 ブラインドストラクチャー / 15,000",CAJcRlRs2__kobounty-109,テキスト,K.O. Bounty
"K.O. Bounty ▸ 110 ブラインドストラクチャー / 10,000 - 15,000",CAJcRlRs2__kobounty-110,テキスト,K.O. Bounty
K.O. Bounty ▸ 111 ブラインドストラクチャー / 0:10,CAJcRlRs2__kobounty-111,テキスト,K.O. Bounty
K.O. Bounty ▸ 112 ブラインドストラクチャー / 22:30 - 22:40,CAJcRlRs2__kobounty-112,テキスト,K.O. Bounty
K.O. Bounty ▸ 113 ブラインドストラクチャー / 20,CAJcRlRs2__kobounty-113,テキスト,K.O. Bounty
"K.O. Bounty ▸ 114 ブラインドストラクチャー / 20,000",CAJcRlRs2__kobounty-114,テキスト,K.O. Bounty
"K.O. Bounty ▸ 115 ブラインドストラクチャー / 10,000 - 20,000",CAJcRlRs2__kobounty-115,テキスト,K.O. Bounty
K.O. Bounty ▸ 116 ブラインドストラクチャー / 0:10,CAJcRlRs2__kobounty-116,テキスト,K.O. Bounty
K.O. Bounty ▸ 117 ブラインドストラクチャー / 22:40 - 22:50,CAJcRlRs2__kobounty-117,テキスト,K.O. Bounty
K.O. Bounty ▸ 118 ブラインドストラクチャー / 21,CAJcRlRs2__kobounty-118,テキスト,K.O. Bounty
"K.O. Bounty ▸ 119 ブラインドストラクチャー / 25,000",CAJcRlRs2__kobounty-119,テキスト,K.O. Bounty
"K.O. Bounty ▸ 120 ブラインドストラクチャー / 15,000 - 25,000",CAJcRlRs2__kobounty-120,テキスト,K.O. Bounty
K.O. Bounty ▸ 121 ブラインドストラクチャー / 0:10,CAJcRlRs2__kobounty-121,テキスト,K.O. Bounty
K.O. Bounty ▸ 122 ブラインドストラクチャー / 22:50 - 23:00,CAJcRlRs2__kobounty-122,テキスト,K.O. Bounty
K.O. Bounty ▸ 123 ブラインドストラクチャー / 22,CAJcRlRs2__kobounty-123,テキスト,K.O. Bounty
"K.O. Bounty ▸ 124 ブラインドストラクチャー / 30,000",CAJcRlRs2__kobounty-124,テキスト,K.O. Bounty
"K.O. Bounty ▸ 125 ブラインドストラクチャー / 15,000 - 30,000",CAJcRlRs2__kobounty-125,テキスト,K.O. Bounty
K.O. Bounty ▸ 126 ブラインドストラクチャー / 0:10,CAJcRlRs2__kobounty-126,テキスト,K.O. Bounty
K.O. Bounty ▸ 127 ブラインドストラクチャー / 23:00 - 23:10,CAJcRlRs2__kobounty-127,テキスト,K.O. Bounty
K.O. Bounty ▸ 128 プライズ（エントリー数別） / PRIZE,CAJcRlRs2__kobounty-128,テキスト,K.O. Bounty
K.O. Bounty ▸ 129 プライズ（エントリー数別） / プライズ（エントリー数別）,CAJcRlRs2__kobounty-129,テキスト,K.O. Bounty
K.O. Bounty ▸ 130 プライズ（エントリー数別） / エントリー数に応じてプライズ額・入賞人数が変動します…,CAJcRlRs2__kobounty-130,テキスト,K.O. Bounty
K.O. Bounty ▸ 131 レギュレーション / REGULATION,CAJcRlRs2__kobounty-131,テキスト,K.O. Bounty
K.O. Bounty ▸ 132 レギュレーション / レギュレーション,CAJcRlRs2__kobounty-132,テキスト,K.O. Bounty
K.O. Bounty ▸ 133 レギュレーション / 本トーナメントはTDAルール2024に準拠して開催さ…,CAJcRlRs2__kobounty-133,テキスト,K.O. Bounty
K.O. Bounty ▸ 134 レギュレーション / 本トーナメントにおける最終判断はTDに委ねられます。,CAJcRlRs2__kobounty-134,テキスト,K.O. Bounty
K.O. Bounty ▸ 135 レギュレーション / 本トーナメントへの参加及びプライズの授与には”Pok…,CAJcRlRs2__kobounty-135,テキスト,K.O. Bounty
K.O. Bounty ▸ 136 レギュレーション / 本トーナメントのプライズは営業終了時の付与となり、翌…,CAJcRlRs2__kobounty-136,テキスト,K.O. Bounty
K.O. Bounty ▸ 137 レギュレーション / ストラクチャーはTDの権限で予告なく変更される場合が…,CAJcRlRs2__kobounty-137,テキスト,K.O. Bounty
K.O. Bounty ▸ 138 レギュレーション / シートリドローはファイナルテーブルスタート時、及びT…,CAJcRlRs2__kobounty-138,テキスト,K.O. Bounty
K.O. Bounty ▸ 139 K.O. Bounty / ../../assets/img/pages/img_28_cd50dbc9.w…,CAJcRlRs2__kobounty-139,画像,K.O. Bounty
Monsterstack ▸ 001 Monsterstack / HOUSE TOURNAMENT,CAJcRlRs2__monsterstack-001,テキスト,Monsterstack
Monsterstack ▸ 002 Monsterstack / Monsterstack,CAJcRlRs2__monsterstack-002,テキスト,Monsterstack
Monsterstack ▸ 003 Monsterstack / 【Bランク】トーナメント,CAJcRlRs2__monsterstack-003,テキスト,Monsterstack
"Monsterstack ▸ 004 Monsterstack / 50,000点スタートのビッグスタックトーナメントが…",CAJcRlRs2__monsterstack-004,テキスト,Monsterstack
Monsterstack ▸ 005 トーナメント詳細 / SUMMARY,CAJcRlRs2__monsterstack-005,テキスト,Monsterstack
Monsterstack ▸ 006 トーナメント詳細 / トーナメント詳細,CAJcRlRs2__monsterstack-006,テキスト,Monsterstack
Monsterstack ▸ 007 トーナメント詳細 / 開始時刻,CAJcRlRs2__monsterstack-007,テキスト,Monsterstack
Monsterstack ▸ 008 トーナメント詳細 / 15:20,CAJcRlRs2__monsterstack-008,テキスト,Monsterstack
Monsterstack ▸ 009 トーナメント詳細 / レジストレーション締切,CAJcRlRs2__monsterstack-009,テキスト,Monsterstack
Monsterstack ▸ 010 トーナメント詳細 / 19:00 ごろ,CAJcRlRs2__monsterstack-010,テキスト,Monsterstack
Monsterstack ▸ 011 トーナメント詳細 / ゲーム,CAJcRlRs2__monsterstack-011,テキスト,Monsterstack
Monsterstack ▸ 012 トーナメント詳細 / ノーリミット／テキサスホールデム,CAJcRlRs2__monsterstack-012,テキスト,Monsterstack
Monsterstack ▸ 013 トーナメント詳細 / 参加費,CAJcRlRs2__monsterstack-013,テキスト,Monsterstack
"Monsterstack ▸ 014 トーナメント詳細 / ¥6,000",CAJcRlRs2__monsterstack-014,テキスト,Monsterstack
Monsterstack ▸ 015 トーナメント詳細 / スタック,CAJcRlRs2__monsterstack-015,テキスト,Monsterstack
"Monsterstack ▸ 016 トーナメント詳細 / 50,000点",CAJcRlRs2__monsterstack-016,テキスト,Monsterstack
Monsterstack ▸ 017 ブラインドストラクチャー / STRUCTURE,CAJcRlRs2__monsterstack-017,テキスト,Monsterstack
Monsterstack ▸ 018 ブラインドストラクチャー / ブラインドストラクチャー,CAJcRlRs2__monsterstack-018,テキスト,Monsterstack
Monsterstack ▸ 019 ブラインドストラクチャー / ストラクチャー表（Lv.1-3）,CAJcRlRs2__monsterstack-019,テキスト,Monsterstack
Monsterstack ▸ 020 ブラインドストラクチャー / Lv.,CAJcRlRs2__monsterstack-020,テキスト,Monsterstack
Monsterstack ▸ 021 ブラインドストラクチャー / BB Ante,CAJcRlRs2__monsterstack-021,テキスト,Monsterstack
Monsterstack ▸ 022 ブラインドストラクチャー / Blinds,CAJcRlRs2__monsterstack-022,テキスト,Monsterstack
Monsterstack ▸ 023 ブラインドストラクチャー / Duration,CAJcRlRs2__monsterstack-023,テキスト,Monsterstack
Monsterstack ▸ 024 ブラインドストラクチャー / Time Table,CAJcRlRs2__monsterstack-024,テキスト,Monsterstack
Monsterstack ▸ 025 ブラインドストラクチャー / 200,CAJcRlRs2__monsterstack-025,テキスト,Monsterstack
Monsterstack ▸ 026 ブラインドストラクチャー / 100 - 200,CAJcRlRs2__monsterstack-026,テキスト,Monsterstack
Monsterstack ▸ 027 ブラインドストラクチャー / 0:20,CAJcRlRs2__monsterstack-027,テキスト,Monsterstack
Monsterstack ▸ 028 ブラインドストラクチャー / 15:20 - 15:40,CAJcRlRs2__monsterstack-028,テキスト,Monsterstack
Monsterstack ▸ 029 ブラインドストラクチャー / 300,CAJcRlRs2__monsterstack-029,テキスト,Monsterstack
Monsterstack ▸ 030 ブラインドストラクチャー / 200 - 300,CAJcRlRs2__monsterstack-030,テキスト,Monsterstack
Monsterstack ▸ 031 ブラインドストラクチャー / 0:20,CAJcRlRs2__monsterstack-031,テキスト,Monsterstack
Monsterstack ▸ 032 ブラインドストラクチャー / 15:40 - 16:00,CAJcRlRs2__monsterstack-032,テキスト,Monsterstack
Monsterstack ▸ 033 ブラインドストラクチャー / 400,CAJcRlRs2__monsterstack-033,テキスト,Monsterstack
Monsterstack ▸ 034 ブラインドストラクチャー / 200 - 400,CAJcRlRs2__monsterstack-034,テキスト,Monsterstack
Monsterstack ▸ 035 ブラインドストラクチャー / 0:20,CAJcRlRs2__monsterstack-035,テキスト,Monsterstack
Monsterstack ▸ 036 ブラインドストラクチャー / 16:00 - 16:20,CAJcRlRs2__monsterstack-036,テキスト,Monsterstack
Monsterstack ▸ 037 ブラインドストラクチャー / ※ Lv.4 以降のストラクチャーは当日のストラクチ…,CAJcRlRs2__monsterstack-037,テキスト,Monsterstack
Monsterstack ▸ 038 プライズ（エントリー数別） / PRIZE,CAJcRlRs2__monsterstack-038,テキスト,Monsterstack
Monsterstack ▸ 039 プライズ（エントリー数別） / プライズ（エントリー数別）,CAJcRlRs2__monsterstack-039,テキスト,Monsterstack
Monsterstack ▸ 040 プライズ（エントリー数別） / エントリー数に応じてプライズ額・入賞人数が変動します…,CAJcRlRs2__monsterstack-040,テキスト,Monsterstack
Monsterstack ▸ 041 レギュレーション / REGULATION,CAJcRlRs2__monsterstack-041,テキスト,Monsterstack
Monsterstack ▸ 042 レギュレーション / レギュレーション,CAJcRlRs2__monsterstack-042,テキスト,Monsterstack
Monsterstack ▸ 043 レギュレーション / 本トーナメントはTDAルール2024に準拠して開催さ…,CAJcRlRs2__monsterstack-043,テキスト,Monsterstack
Monsterstack ▸ 044 レギュレーション / 本トーナメントにおける最終判断はTDに委ねられます。,CAJcRlRs2__monsterstack-044,テキスト,Monsterstack
Monsterstack ▸ 045 レギュレーション / 本トーナメントへの参加及びプライズの授与には”Pok…,CAJcRlRs2__monsterstack-045,テキスト,Monsterstack
Monsterstack ▸ 046 レギュレーション / 本トーナメントのプライズは営業終了時の付与となり、翌…,CAJcRlRs2__monsterstack-046,テキスト,Monsterstack
Monsterstack ▸ 047 レギュレーション / ストラクチャーはTDの権限で予告なく変更される場合が…,CAJcRlRs2__monsterstack-047,テキスト,Monsterstack
Monsterstack ▸ 048 レギュレーション / シートリドローはファイナルテーブルスタート時、及びT…,CAJcRlRs2__monsterstack-048,テキスト,Monsterstack
Monsterstack ▸ 049 Monsterstack / ../../assets/img/pages/img_30_6cd95908.w…,CAJcRlRs2__monsterstack-049,画像,Monsterstack
shot clock ▸ 001 shot clock / HOUSE TOURNAMENT,CAJcRlRs2__shotclock-001,テキスト,shot clock
shot clock ▸ 002 shot clock / shot clock,CAJcRlRs2__shotclock-002,テキスト,shot clock
shot clock ▸ 003 shot clock / 【Cランク】トーナメント,CAJcRlRs2__shotclock-003,テキスト,shot clock
shot clock ▸ 004 shot clock / ショットクロック方式を採用したトーナメントです。,CAJcRlRs2__shotclock-004,テキスト,shot clock
shot clock ▸ 005 shot clock / プレイヤーのアクション時間が制限されるため、スムーズ…,CAJcRlRs2__shotclock-005,テキスト,shot clock
shot clock ▸ 006 shot clock / 各ストリートのアクション時に、5秒経過した後に 30…,CAJcRlRs2__shotclock-006,テキスト,shot clock
shot clock ▸ 007 shot clock / 30秒が経過した際にアクションが完了しなかった場合は…,CAJcRlRs2__shotclock-007,テキスト,shot clock
shot clock ▸ 008 shot clock / タイムバンクカードを所持していない場合は、他プレイヤ…,CAJcRlRs2__shotclock-008,テキスト,shot clock
shot clock ▸ 009 shot clock / タイムバンクカードはエントリー時に各プレイヤーに 2…,CAJcRlRs2__shotclock-009,テキスト,shot clock
shot clock ▸ 010 shot clock / シートアウトしたプレイヤーがタイムバンクカードを1枚…,CAJcRlRs2__shotclock-010,テキスト,shot clock
shot clock ▸ 011 shot clock / また、プレイヤーからのクロック要求は認めないものとし…,CAJcRlRs2__shotclock-011,テキスト,shot clock
shot clock ▸ 012 トーナメント詳細 / SUMMARY,CAJcRlRs2__shotclock-012,テキスト,shot clock
shot clock ▸ 013 トーナメント詳細 / トーナメント詳細,CAJcRlRs2__shotclock-013,テキスト,shot clock
shot clock ▸ 014 トーナメント詳細 / 開始時刻,CAJcRlRs2__shotclock-014,テキスト,shot clock
shot clock ▸ 015 トーナメント詳細 / 18:45,CAJcRlRs2__shotclock-015,テキスト,shot clock
shot clock ▸ 016 トーナメント詳細 / レジストレーション締切,CAJcRlRs2__shotclock-016,テキスト,shot clock
shot clock ▸ 017 トーナメント詳細 / 20:40 ごろ,CAJcRlRs2__shotclock-017,テキスト,shot clock
shot clock ▸ 018 トーナメント詳細 / ゲーム,CAJcRlRs2__shotclock-018,テキスト,shot clock
shot clock ▸ 019 トーナメント詳細 / ノーリミット／テキサスホールデム,CAJcRlRs2__shotclock-019,テキスト,shot clock
shot clock ▸ 020 トーナメント詳細 / 参加費,CAJcRlRs2__shotclock-020,テキスト,shot clock
"shot clock ▸ 021 トーナメント詳細 / ¥2,000",CAJcRlRs2__shotclock-021,テキスト,shot clock
shot clock ▸ 022 トーナメント詳細 / スタック,CAJcRlRs2__shotclock-022,テキスト,shot clock
"shot clock ▸ 023 トーナメント詳細 / 20,000点",CAJcRlRs2__shotclock-023,テキスト,shot clock
shot clock ▸ 024 ブラインドストラクチャー / STRUCTURE,CAJcRlRs2__shotclock-024,テキスト,shot clock
shot clock ▸ 025 ブラインドストラクチャー / ブラインドストラクチャー,CAJcRlRs2__shotclock-025,テキスト,shot clock
shot clock ▸ 026 ブラインドストラクチャー / ストラクチャー表（全レベル）,CAJcRlRs2__shotclock-026,テキスト,shot clock
shot clock ▸ 027 ブラインドストラクチャー / Lv.,CAJcRlRs2__shotclock-027,テキスト,shot clock
shot clock ▸ 028 ブラインドストラクチャー / BB Ante,CAJcRlRs2__shotclock-028,テキスト,shot clock
shot clock ▸ 029 ブラインドストラクチャー / Blinds,CAJcRlRs2__shotclock-029,テキスト,shot clock
shot clock ▸ 030 ブラインドストラクチャー / Duration,CAJcRlRs2__shotclock-030,テキスト,shot clock
shot clock ▸ 031 ブラインドストラクチャー / Time Table,CAJcRlRs2__shotclock-031,テキスト,shot clock
shot clock ▸ 032 ブラインドストラクチャー / 200,CAJcRlRs2__shotclock-032,テキスト,shot clock
shot clock ▸ 033 ブラインドストラクチャー / 100 - 200,CAJcRlRs2__shotclock-033,テキスト,shot clock
shot clock ▸ 034 ブラインドストラクチャー / 0:15,CAJcRlRs2__shotclock-034,テキスト,shot clock
shot clock ▸ 035 ブラインドストラクチャー / 18:45 - 19:00,CAJcRlRs2__shotclock-035,テキスト,shot clock
shot clock ▸ 036 ブラインドストラクチャー / 300,CAJcRlRs2__shotclock-036,テキスト,shot clock
shot clock ▸ 037 ブラインドストラクチャー / 200 - 300,CAJcRlRs2__shotclock-037,テキスト,shot clock
shot clock ▸ 038 ブラインドストラクチャー / 0:15,CAJcRlRs2__shotclock-038,テキスト,shot clock
shot clock ▸ 039 ブラインドストラクチャー / 19:00 - 19:15,CAJcRlRs2__shotclock-039,テキスト,shot clock
shot clock ▸ 040 ブラインドストラクチャー / 400,CAJcRlRs2__shotclock-040,テキスト,shot clock
shot clock ▸ 041 ブラインドストラクチャー / 200 - 400,CAJcRlRs2__shotclock-041,テキスト,shot clock
shot clock ▸ 042 ブラインドストラクチャー / 0:15,CAJcRlRs2__shotclock-042,テキスト,shot clock
shot clock ▸ 043 ブラインドストラクチャー / 19:15 - 19:30,CAJcRlRs2__shotclock-043,テキスト,shot clock
shot clock ▸ 044 ブラインドストラクチャー / 500,CAJcRlRs2__shotclock-044,テキスト,shot clock
shot clock ▸ 045 ブラインドストラクチャー / 300 - 500,CAJcRlRs2__shotclock-045,テキスト,shot clock
shot clock ▸ 046 ブラインドストラクチャー / 0:15,CAJcRlRs2__shotclock-046,テキスト,shot clock
shot clock ▸ 047 ブラインドストラクチャー / 19:30 - 19:45,CAJcRlRs2__shotclock-047,テキスト,shot clock
shot clock ▸ 048 ブラインドストラクチャー / 600,CAJcRlRs2__shotclock-048,テキスト,shot clock
shot clock ▸ 049 ブラインドストラクチャー / 300 - 600,CAJcRlRs2__shotclock-049,テキスト,shot clock
shot clock ▸ 050 ブラインドストラクチャー / 0:15,CAJcRlRs2__shotclock-050,テキスト,shot clock
shot clock ▸ 051 ブラインドストラクチャー / 19:45 - 20:00,CAJcRlRs2__shotclock-051,テキスト,shot clock
shot clock ▸ 052 ブラインドストラクチャー / 800,CAJcRlRs2__shotclock-052,テキスト,shot clock
shot clock ▸ 053 ブラインドストラクチャー / 400 - 800,CAJcRlRs2__shotclock-053,テキスト,shot clock
shot clock ▸ 054 ブラインドストラクチャー / 0:15,CAJcRlRs2__shotclock-054,テキスト,shot clock
shot clock ▸ 055 ブラインドストラクチャー / 20:00 - 20:15,CAJcRlRs2__shotclock-055,テキスト,shot clock
"shot clock ▸ 056 ブラインドストラクチャー / 1,000",CAJcRlRs2__shotclock-056,テキスト,shot clock
"shot clock ▸ 057 ブラインドストラクチャー / 500 - 1,000",CAJcRlRs2__shotclock-057,テキスト,shot clock
shot clock ▸ 058 ブラインドストラクチャー / 0:15,CAJcRlRs2__shotclock-058,テキスト,shot clock
shot clock ▸ 059 ブラインドストラクチャー / 20:15 - 20:30,CAJcRlRs2__shotclock-059,テキスト,shot clock
shot clock ▸ 060 ブラインドストラクチャー / Break & Registration Close…,CAJcRlRs2__shotclock-060,テキスト,shot clock
"shot clock ▸ 061 ブラインドストラクチャー / 1,200",CAJcRlRs2__shotclock-061,テキスト,shot clock
"shot clock ▸ 062 ブラインドストラクチャー / 600 - 1,200",CAJcRlRs2__shotclock-062,テキスト,shot clock
shot clock ▸ 063 ブラインドストラクチャー / 0:10,CAJcRlRs2__shotclock-063,テキスト,shot clock
shot clock ▸ 064 ブラインドストラクチャー / 20:40 - 20:50,CAJcRlRs2__shotclock-064,テキスト,shot clock
"shot clock ▸ 065 ブラインドストラクチャー / 1,500",CAJcRlRs2__shotclock-065,テキスト,shot clock
"shot clock ▸ 066 ブラインドストラクチャー / 1,000 - 1,500",CAJcRlRs2__shotclock-066,テキスト,shot clock
shot clock ▸ 067 ブラインドストラクチャー / 0:10,CAJcRlRs2__shotclock-067,テキスト,shot clock
shot clock ▸ 068 ブラインドストラクチャー / 20:50 - 21:00,CAJcRlRs2__shotclock-068,テキスト,shot clock
shot clock ▸ 069 ブラインドストラクチャー / 10,CAJcRlRs2__shotclock-069,テキスト,shot clock
"shot clock ▸ 070 ブラインドストラクチャー / 2,000",CAJcRlRs2__shotclock-070,テキスト,shot clock
"shot clock ▸ 071 ブラインドストラクチャー / 1,000 - 2,000",CAJcRlRs2__shotclock-071,テキスト,shot clock
shot clock ▸ 072 ブラインドストラクチャー / 0:10,CAJcRlRs2__shotclock-072,テキスト,shot clock
shot clock ▸ 073 ブラインドストラクチャー / 21:00 - 21:10,CAJcRlRs2__shotclock-073,テキスト,shot clock
shot clock ▸ 074 ブラインドストラクチャー / 11,CAJcRlRs2__shotclock-074,テキスト,shot clock
"shot clock ▸ 075 ブラインドストラクチャー / 2,500",CAJcRlRs2__shotclock-075,テキスト,shot clock
"shot clock ▸ 076 ブラインドストラクチャー / 1,000 - 2,500",CAJcRlRs2__shotclock-076,テキスト,shot clock
shot clock ▸ 077 ブラインドストラクチャー / 0:10,CAJcRlRs2__shotclock-077,テキスト,shot clock
shot clock ▸ 078 ブラインドストラクチャー / 21:10 - 21:20,CAJcRlRs2__shotclock-078,テキスト,shot clock
shot clock ▸ 079 ブラインドストラクチャー / 100 chips Remove,CAJcRlRs2__shotclock-079,テキスト,shot clock
shot clock ▸ 080 ブラインドストラクチャー / 12,CAJcRlRs2__shotclock-080,テキスト,shot clock
"shot clock ▸ 081 ブラインドストラクチャー / 3,000",CAJcRlRs2__shotclock-081,テキスト,shot clock
"shot clock ▸ 082 ブラインドストラクチャー / 1,500 - 3,000",CAJcRlRs2__shotclock-082,テキスト,shot clock
shot clock ▸ 083 ブラインドストラクチャー / 0:10,CAJcRlRs2__shotclock-083,テキスト,shot clock
shot clock ▸ 084 ブラインドストラクチャー / 21:20 - 21:30,CAJcRlRs2__shotclock-084,テキスト,shot clock
shot clock ▸ 085 ブラインドストラクチャー / 13,CAJcRlRs2__shotclock-085,テキスト,shot clock
"shot clock ▸ 086 ブラインドストラクチャー / 4,000",CAJcRlRs2__shotclock-086,テキスト,shot clock
"shot clock ▸ 087 ブラインドストラクチャー / 2,000 - 4,000",CAJcRlRs2__shotclock-087,テキスト,shot clock
shot clock ▸ 088 ブラインドストラクチャー / 0:10,CAJcRlRs2__shotclock-088,テキスト,shot clock
shot clock ▸ 089 ブラインドストラクチャー / 21:30 - 21:40,CAJcRlRs2__shotclock-089,テキスト,shot clock
shot clock ▸ 090 ブラインドストラクチャー / 14,CAJcRlRs2__shotclock-090,テキスト,shot clock
"shot clock ▸ 091 ブラインドストラクチャー / 5,000",CAJcRlRs2__shotclock-091,テキスト,shot clock
"shot clock ▸ 092 ブラインドストラクチャー / 2,500 - 5,000",CAJcRlRs2__shotclock-092,テキスト,shot clock
shot clock ▸ 093 ブラインドストラクチャー / 0:10,CAJcRlRs2__shotclock-093,テキスト,shot clock
shot clock ▸ 094 ブラインドストラクチャー / 21:40 - 21:50,CAJcRlRs2__shotclock-094,テキスト,shot clock
shot clock ▸ 095 ブラインドストラクチャー / 500 chips Remove,CAJcRlRs2__shotclock-095,テキスト,shot clock
shot clock ▸ 096 ブラインドストラクチャー / 15,CAJcRlRs2__shotclock-096,テキスト,shot clock
"shot clock ▸ 097 ブラインドストラクチャー / 6,000",CAJcRlRs2__shotclock-097,テキスト,shot clock
"shot clock ▸ 098 ブラインドストラクチャー / 3,000 - 6,000",CAJcRlRs2__shotclock-098,テキスト,shot clock
shot clock ▸ 099 ブラインドストラクチャー / 0:10,CAJcRlRs2__shotclock-099,テキスト,shot clock
shot clock ▸ 100 ブラインドストラクチャー / 21:50 - 22:00,CAJcRlRs2__shotclock-100,テキスト,shot clock
shot clock ▸ 101 ブラインドストラクチャー / 16,CAJcRlRs2__shotclock-101,テキスト,shot clock
"shot clock ▸ 102 ブラインドストラクチャー / 8,000",CAJcRlRs2__shotclock-102,テキスト,shot clock
"shot clock ▸ 103 ブラインドストラクチャー / 4,000 - 8,000",CAJcRlRs2__shotclock-103,テキスト,shot clock
shot clock ▸ 104 ブラインドストラクチャー / 0:10,CAJcRlRs2__shotclock-104,テキスト,shot clock
shot clock ▸ 105 ブラインドストラクチャー / 22:00 - 22:10,CAJcRlRs2__shotclock-105,テキスト,shot clock
shot clock ▸ 106 ブラインドストラクチャー / 17,CAJcRlRs2__shotclock-106,テキスト,shot clock
"shot clock ▸ 107 ブラインドストラクチャー / 10,000",CAJcRlRs2__shotclock-107,テキスト,shot clock
"shot clock ▸ 108 ブラインドストラクチャー / 5,000 - 10,000",CAJcRlRs2__shotclock-108,テキスト,shot clock
shot clock ▸ 109 ブラインドストラクチャー / 0:10,CAJcRlRs2__shotclock-109,テキスト,shot clock
shot clock ▸ 110 ブラインドストラクチャー / 22:10 - 22:20,CAJcRlRs2__shotclock-110,テキスト,shot clock
shot clock ▸ 111 ブラインドストラクチャー / 18,CAJcRlRs2__shotclock-111,テキスト,shot clock
"shot clock ▸ 112 ブラインドストラクチャー / 12,000",CAJcRlRs2__shotclock-112,テキスト,shot clock
"shot clock ▸ 113 ブラインドストラクチャー / 6,000 - 12,000",CAJcRlRs2__shotclock-113,テキスト,shot clock
shot clock ▸ 114 ブラインドストラクチャー / 0:10,CAJcRlRs2__shotclock-114,テキスト,shot clock
shot clock ▸ 115 ブラインドストラクチャー / 22:20 - 22:30,CAJcRlRs2__shotclock-115,テキスト,shot clock
shot clock ▸ 116 ブラインドストラクチャー / 19,CAJcRlRs2__shotclock-116,テキスト,shot clock
"shot clock ▸ 117 ブラインドストラクチャー / 15,000",CAJcRlRs2__shotclock-117,テキスト,shot clock
"shot clock ▸ 118 ブラインドストラクチャー / 10,000 - 15,000",CAJcRlRs2__shotclock-118,テキスト,shot clock
shot clock ▸ 119 ブラインドストラクチャー / 0:10,CAJcRlRs2__shotclock-119,テキスト,shot clock
shot clock ▸ 120 ブラインドストラクチャー / 22:30 - 22:40,CAJcRlRs2__shotclock-120,テキスト,shot clock
shot clock ▸ 121 ブラインドストラクチャー / 20,CAJcRlRs2__shotclock-121,テキスト,shot clock
"shot clock ▸ 122 ブラインドストラクチャー / 20,000",CAJcRlRs2__shotclock-122,テキスト,shot clock
"shot clock ▸ 123 ブラインドストラクチャー / 10,000 - 20,000",CAJcRlRs2__shotclock-123,テキスト,shot clock
shot clock ▸ 124 ブラインドストラクチャー / 0:10,CAJcRlRs2__shotclock-124,テキスト,shot clock
shot clock ▸ 125 ブラインドストラクチャー / 22:40 - 22:50,CAJcRlRs2__shotclock-125,テキスト,shot clock
shot clock ▸ 126 ブラインドストラクチャー / 21,CAJcRlRs2__shotclock-126,テキスト,shot clock
"shot clock ▸ 127 ブラインドストラクチャー / 25,000",CAJcRlRs2__shotclock-127,テキスト,shot clock
"shot clock ▸ 128 ブラインドストラクチャー / 15,000 - 25,000",CAJcRlRs2__shotclock-128,テキスト,shot clock
shot clock ▸ 129 ブラインドストラクチャー / 0:10,CAJcRlRs2__shotclock-129,テキスト,shot clock
shot clock ▸ 130 ブラインドストラクチャー / 22:50 - 23:00,CAJcRlRs2__shotclock-130,テキスト,shot clock
shot clock ▸ 131 ブラインドストラクチャー / 22,CAJcRlRs2__shotclock-131,テキスト,shot clock
"shot clock ▸ 132 ブラインドストラクチャー / 30,000",CAJcRlRs2__shotclock-132,テキスト,shot clock
"shot clock ▸ 133 ブラインドストラクチャー / 15,000 - 30,000",CAJcRlRs2__shotclock-133,テキスト,shot clock
shot clock ▸ 134 ブラインドストラクチャー / 0:10,CAJcRlRs2__shotclock-134,テキスト,shot clock
shot clock ▸ 135 ブラインドストラクチャー / 23:00 - 23:10,CAJcRlRs2__shotclock-135,テキスト,shot clock
shot clock ▸ 136 プライズ（エントリー数別） / PRIZE,CAJcRlRs2__shotclock-136,テキスト,shot clock
shot clock ▸ 137 プライズ（エントリー数別） / プライズ（エントリー数別）,CAJcRlRs2__shotclock-137,テキスト,shot clock
shot clock ▸ 138 プライズ（エントリー数別） / エントリー数に応じてプライズ額・入賞人数が変動します…,CAJcRlRs2__shotclock-138,テキスト,shot clock
shot clock ▸ 139 レギュレーション / REGULATION,CAJcRlRs2__shotclock-139,テキスト,shot clock
shot clock ▸ 140 レギュレーション / レギュレーション,CAJcRlRs2__shotclock-140,テキスト,shot clock
shot clock ▸ 141 レギュレーション / 本トーナメントはTDAルール2024に準拠して開催さ…,CAJcRlRs2__shotclock-141,テキスト,shot clock
shot clock ▸ 142 レギュレーション / 本トーナメントにおける最終判断はTDに委ねられます。,CAJcRlRs2__shotclock-142,テキスト,shot clock
shot clock ▸ 143 レギュレーション / 本トーナメントへの参加及びプライズの授与には”Pok…,CAJcRlRs2__shotclock-143,テキスト,shot clock
shot clock ▸ 144 レギュレーション / 本トーナメントのプライズは営業終了時の付与となり、翌…,CAJcRlRs2__shotclock-144,テキスト,shot clock
shot clock ▸ 145 レギュレーション / ストラクチャーはTDの権限で予告なく変更される場合が…,CAJcRlRs2__shotclock-145,テキスト,shot clock
shot clock ▸ 146 レギュレーション / シートリドローはファイナルテーブルスタート時、及びT…,CAJcRlRs2__shotclock-146,テキスト,shot clock
shot clock ▸ 147 shot clock / ../../assets/img/pages/img_32_54688619.w…,CAJcRlRs2__shotclock-147,画像,shot clock
Saturday Spirits ▸ 001 Saturday Spirits / HOUSE TOURNAMENT,CAJcRlRs2__spirits-001,テキスト,Saturday Spirits
Saturday Spirits ▸ 002 Saturday Spirits / Saturday Spirits,CAJcRlRs2__spirits-002,テキスト,Saturday Spirits
Saturday Spirits ▸ 003 Saturday Spirits / 【Bランク】トーナメント,CAJcRlRs2__spirits-003,テキスト,Saturday Spirits
Saturday Spirits ▸ 004 Saturday Spirits / YORIMICHIにRyooona激推しの変則ストラ…,CAJcRlRs2__spirits-004,テキスト,Saturday Spirits
Saturday Spirits ▸ 005 Saturday Spirits / ◎ 勝敗に影響の少ない前半のブラインドを短めに設定し…,CAJcRlRs2__spirits-005,テキスト,Saturday Spirits
Saturday Spirits ▸ 006 Saturday Spirits / 通常よりレイトレジスト締切が早いので、お早めにご参加…,CAJcRlRs2__spirits-006,テキスト,Saturday Spirits
Saturday Spirits ▸ 007 トーナメント詳細 / SUMMARY,CAJcRlRs2__spirits-007,テキスト,Saturday Spirits
Saturday Spirits ▸ 008 トーナメント詳細 / トーナメント詳細,CAJcRlRs2__spirits-008,テキスト,Saturday Spirits
Saturday Spirits ▸ 009 トーナメント詳細 / 開始時刻,CAJcRlRs2__spirits-009,テキスト,Saturday Spirits
Saturday Spirits ▸ 010 トーナメント詳細 / 17:20,CAJcRlRs2__spirits-010,テキスト,Saturday Spirits
Saturday Spirits ▸ 011 トーナメント詳細 / レジストレーション締切,CAJcRlRs2__spirits-011,テキスト,Saturday Spirits
Saturday Spirits ▸ 012 トーナメント詳細 / 19:00 ごろ,CAJcRlRs2__spirits-012,テキスト,Saturday Spirits
Saturday Spirits ▸ 013 トーナメント詳細 / ゲーム,CAJcRlRs2__spirits-013,テキスト,Saturday Spirits
Saturday Spirits ▸ 014 トーナメント詳細 / ノーリミット／テキサスホールデム,CAJcRlRs2__spirits-014,テキスト,Saturday Spirits
Saturday Spirits ▸ 015 トーナメント詳細 / 参加費,CAJcRlRs2__spirits-015,テキスト,Saturday Spirits
"Saturday Spirits ▸ 016 トーナメント詳細 / ¥4,000",CAJcRlRs2__spirits-016,テキスト,Saturday Spirits
Saturday Spirits ▸ 017 トーナメント詳細 / スタック,CAJcRlRs2__spirits-017,テキスト,Saturday Spirits
"Saturday Spirits ▸ 018 トーナメント詳細 / 25,000点",CAJcRlRs2__spirits-018,テキスト,Saturday Spirits
Saturday Spirits ▸ 019 ブラインドストラクチャー / STRUCTURE,CAJcRlRs2__spirits-019,テキスト,Saturday Spirits
Saturday Spirits ▸ 020 ブラインドストラクチャー / ブラインドストラクチャー,CAJcRlRs2__spirits-020,テキスト,Saturday Spirits
Saturday Spirits ▸ 021 ブラインドストラクチャー / ストラクチャー表（Lv.1-3）,CAJcRlRs2__spirits-021,テキスト,Saturday Spirits
Saturday Spirits ▸ 022 ブラインドストラクチャー / Lv.,CAJcRlRs2__spirits-022,テキスト,Saturday Spirits
Saturday Spirits ▸ 023 ブラインドストラクチャー / BB Ante,CAJcRlRs2__spirits-023,テキスト,Saturday Spirits
Saturday Spirits ▸ 024 ブラインドストラクチャー / Blinds,CAJcRlRs2__spirits-024,テキスト,Saturday Spirits
Saturday Spirits ▸ 025 ブラインドストラクチャー / Duration,CAJcRlRs2__spirits-025,テキスト,Saturday Spirits
Saturday Spirits ▸ 026 ブラインドストラクチャー / Time Table,CAJcRlRs2__spirits-026,テキスト,Saturday Spirits
Saturday Spirits ▸ 027 ブラインドストラクチャー / 200,CAJcRlRs2__spirits-027,テキスト,Saturday Spirits
Saturday Spirits ▸ 028 ブラインドストラクチャー / 100 - 200,CAJcRlRs2__spirits-028,テキスト,Saturday Spirits
Saturday Spirits ▸ 029 ブラインドストラクチャー / 0:10,CAJcRlRs2__spirits-029,テキスト,Saturday Spirits
Saturday Spirits ▸ 030 ブラインドストラクチャー / 17:20 - 17:30,CAJcRlRs2__spirits-030,テキスト,Saturday Spirits
Saturday Spirits ▸ 031 ブラインドストラクチャー / 300,CAJcRlRs2__spirits-031,テキスト,Saturday Spirits
Saturday Spirits ▸ 032 ブラインドストラクチャー / 200 - 300,CAJcRlRs2__spirits-032,テキスト,Saturday Spirits
Saturday Spirits ▸ 033 ブラインドストラクチャー / 0:10,CAJcRlRs2__spirits-033,テキスト,Saturday Spirits
Saturday Spirits ▸ 034 ブラインドストラクチャー / 17:30 - 17:40,CAJcRlRs2__spirits-034,テキスト,Saturday Spirits
Saturday Spirits ▸ 035 ブラインドストラクチャー / 400,CAJcRlRs2__spirits-035,テキスト,Saturday Spirits
Saturday Spirits ▸ 036 ブラインドストラクチャー / 200 - 400,CAJcRlRs2__spirits-036,テキスト,Saturday Spirits
Saturday Spirits ▸ 037 ブラインドストラクチャー / 0:10,CAJcRlRs2__spirits-037,テキスト,Saturday Spirits
Saturday Spirits ▸ 038 ブラインドストラクチャー / 17:40 - 17:50,CAJcRlRs2__spirits-038,テキスト,Saturday Spirits
Saturday Spirits ▸ 039 ブラインドストラクチャー / ※ Lv.4 以降のストラクチャーは当日のストラクチ…,CAJcRlRs2__spirits-039,テキスト,Saturday Spirits
Saturday Spirits ▸ 040 プライズ（エントリー数別） / PRIZE,CAJcRlRs2__spirits-040,テキスト,Saturday Spirits
Saturday Spirits ▸ 041 プライズ（エントリー数別） / プライズ（エントリー数別）,CAJcRlRs2__spirits-041,テキスト,Saturday Spirits
Saturday Spirits ▸ 042 プライズ（エントリー数別） / エントリー数に応じてプライズ額・入賞人数が変動します…,CAJcRlRs2__spirits-042,テキスト,Saturday Spirits
Saturday Spirits ▸ 043 レギュレーション / REGULATION,CAJcRlRs2__spirits-043,テキスト,Saturday Spirits
Saturday Spirits ▸ 044 レギュレーション / レギュレーション,CAJcRlRs2__spirits-044,テキスト,Saturday Spirits
Saturday Spirits ▸ 045 レギュレーション / 本トーナメントはTDAルール2024に準拠して開催さ…,CAJcRlRs2__spirits-045,テキスト,Saturday Spirits
Saturday Spirits ▸ 046 レギュレーション / 本トーナメントにおける最終判断はTDに委ねられます。,CAJcRlRs2__spirits-046,テキスト,Saturday Spirits
Saturday Spirits ▸ 047 レギュレーション / 本トーナメントへの参加及びプライズの授与には”Pok…,CAJcRlRs2__spirits-047,テキスト,Saturday Spirits
Saturday Spirits ▸ 048 レギュレーション / 本トーナメントのプライズは営業終了時の付与となり、翌…,CAJcRlRs2__spirits-048,テキスト,Saturday Spirits
Saturday Spirits ▸ 049 レギュレーション / ストラクチャーはTDの権限で予告なく変更される場合が…,CAJcRlRs2__spirits-049,テキスト,Saturday Spirits
Saturday Spirits ▸ 050 レギュレーション / シートリドローはファイナルテーブルスタート時、及びT…,CAJcRlRs2__spirits-050,テキスト,Saturday Spirits
Saturday Spirits ▸ 051 Saturday Spirits / ../../assets/img/pages/img_21_cc1f0a07.w…,CAJcRlRs2__spirits-051,画像,Saturday Spirits
Super K.O. Bounty ▸ 001 Super K.O. Bounty / HOUSE TOURNAMENT,CAJcRlRs2__superkobounty-001,テキスト,Super K.O. Bounty
Super K.O. Bounty ▸ 002 Super K.O. Bounty / Super K.O. Bounty,CAJcRlRs2__superkobounty-002,テキスト,Super K.O. Bounty
Super K.O. Bounty ▸ 003 Super K.O. Bounty / 【Cランク】トーナメント,CAJcRlRs2__superkobounty-003,テキスト,Super K.O. Bounty
Super K.O. Bounty ▸ 004 Super K.O. Bounty / バウンティ率が25%の、通常のK.O.バウンティトー…,CAJcRlRs2__superkobounty-004,テキスト,Super K.O. Bounty
Super K.O. Bounty ▸ 005 Super K.O. Bounty / よりアグレッシブなプレイを楽しみたい方にオススメ！ …,CAJcRlRs2__superkobounty-005,テキスト,Super K.O. Bounty
Super K.O. Bounty ▸ 006 トーナメント詳細 / SUMMARY,CAJcRlRs2__superkobounty-006,テキスト,Super K.O. Bounty
Super K.O. Bounty ▸ 007 トーナメント詳細 / トーナメント詳細,CAJcRlRs2__superkobounty-007,テキスト,Super K.O. Bounty
Super K.O. Bounty ▸ 008 トーナメント詳細 / 開始時刻,CAJcRlRs2__superkobounty-008,テキスト,Super K.O. Bounty
Super K.O. Bounty ▸ 009 トーナメント詳細 / 18:45,CAJcRlRs2__superkobounty-009,テキスト,Super K.O. Bounty
Super K.O. Bounty ▸ 010 トーナメント詳細 / レジストレーション締切,CAJcRlRs2__superkobounty-010,テキスト,Super K.O. Bounty
Super K.O. Bounty ▸ 011 トーナメント詳細 / 20:40 ごろ,CAJcRlRs2__superkobounty-011,テキスト,Super K.O. Bounty
Super K.O. Bounty ▸ 012 トーナメント詳細 / ゲーム,CAJcRlRs2__superkobounty-012,テキスト,Super K.O. Bounty
Super K.O. Bounty ▸ 013 トーナメント詳細 / ノーリミット／テキサスホールデム,CAJcRlRs2__superkobounty-013,テキスト,Super K.O. Bounty
Super K.O. Bounty ▸ 014 トーナメント詳細 / 参加費,CAJcRlRs2__superkobounty-014,テキスト,Super K.O. Bounty
"Super K.O. Bounty ▸ 015 トーナメント詳細 / ¥2,000",CAJcRlRs2__superkobounty-015,テキスト,Super K.O. Bounty
Super K.O. Bounty ▸ 016 トーナメント詳細 / スタック,CAJcRlRs2__superkobounty-016,テキスト,Super K.O. Bounty
"Super K.O. Bounty ▸ 017 トーナメント詳細 / 20,000点",CAJcRlRs2__superkobounty-017,テキスト,Super K.O. Bounty
Super K.O. Bounty ▸ 018 ブラインドストラクチャー / STRUCTURE,CAJcRlRs2__superkobounty-018,テキスト,Super K.O. Bounty
Super K.O. Bounty ▸ 019 ブラインドストラクチャー / ブラインドストラクチャー,CAJcRlRs2__superkobounty-019,テキスト,Super K.O. Bounty
Super K.O. Bounty ▸ 020 ブラインドストラクチャー / ストラクチャー表（全レベル）,CAJcRlRs2__superkobounty-020,テキスト,Super K.O. Bounty
Super K.O. Bounty ▸ 021 ブラインドストラクチャー / Lv.,CAJcRlRs2__superkobounty-021,テキスト,Super K.O. Bounty
Super K.O. Bounty ▸ 022 ブラインドストラクチャー / BB Ante,CAJcRlRs2__superkobounty-022,テキスト,Super K.O. Bounty
Super K.O. Bounty ▸ 023 ブラインドストラクチャー / Blinds,CAJcRlRs2__superkobounty-023,テキスト,Super K.O. Bounty
Super K.O. Bounty ▸ 024 ブラインドストラクチャー / Duration,CAJcRlRs2__superkobounty-024,テキスト,Super K.O. Bounty
Super K.O. Bounty ▸ 025 ブラインドストラクチャー / Time Table,CAJcRlRs2__superkobounty-025,テキスト,Super K.O. Bounty
Super K.O. Bounty ▸ 026 ブラインドストラクチャー / 200,CAJcRlRs2__superkobounty-026,テキスト,Super K.O. Bounty
Super K.O. Bounty ▸ 027 ブラインドストラクチャー / 100 - 200,CAJcRlRs2__superkobounty-027,テキスト,Super K.O. Bounty
Super K.O. Bounty ▸ 028 ブラインドストラクチャー / 0:15,CAJcRlRs2__superkobounty-028,テキスト,Super K.O. Bounty
Super K.O. Bounty ▸ 029 ブラインドストラクチャー / 18:45 - 19:00,CAJcRlRs2__superkobounty-029,テキスト,Super K.O. Bounty
Super K.O. Bounty ▸ 030 ブラインドストラクチャー / 300,CAJcRlRs2__superkobounty-030,テキスト,Super K.O. Bounty
Super K.O. Bounty ▸ 031 ブラインドストラクチャー / 200 - 300,CAJcRlRs2__superkobounty-031,テキスト,Super K.O. Bounty
Super K.O. Bounty ▸ 032 ブラインドストラクチャー / 0:15,CAJcRlRs2__superkobounty-032,テキスト,Super K.O. Bounty
Super K.O. Bounty ▸ 033 ブラインドストラクチャー / 19:00 - 19:15,CAJcRlRs2__superkobounty-033,テキスト,Super K.O. Bounty
Super K.O. Bounty ▸ 034 ブラインドストラクチャー / 400,CAJcRlRs2__superkobounty-034,テキスト,Super K.O. Bounty
Super K.O. Bounty ▸ 035 ブラインドストラクチャー / 200 - 400,CAJcRlRs2__superkobounty-035,テキスト,Super K.O. Bounty
Super K.O. Bounty ▸ 036 ブラインドストラクチャー / 0:15,CAJcRlRs2__superkobounty-036,テキスト,Super K.O. Bounty
Super K.O. Bounty ▸ 037 ブラインドストラクチャー / 19:15 - 19:30,CAJcRlRs2__superkobounty-037,テキスト,Super K.O. Bounty
Super K.O. Bounty ▸ 038 ブラインドストラクチャー / 500,CAJcRlRs2__superkobounty-038,テキスト,Super K.O. Bounty
Super K.O. Bounty ▸ 039 ブラインドストラクチャー / 300 - 500,CAJcRlRs2__superkobounty-039,テキスト,Super K.O. Bounty
Super K.O. Bounty ▸ 040 ブラインドストラクチャー / 0:15,CAJcRlRs2__superkobounty-040,テキスト,Super K.O. Bounty
Super K.O. Bounty ▸ 041 ブラインドストラクチャー / 19:30 - 19:45,CAJcRlRs2__superkobounty-041,テキスト,Super K.O. Bounty
Super K.O. Bounty ▸ 042 ブラインドストラクチャー / 600,CAJcRlRs2__superkobounty-042,テキスト,Super K.O. Bounty
Super K.O. Bounty ▸ 043 ブラインドストラクチャー / 300 - 600,CAJcRlRs2__superkobounty-043,テキスト,Super K.O. Bounty
Super K.O. Bounty ▸ 044 ブラインドストラクチャー / 0:15,CAJcRlRs2__superkobounty-044,テキスト,Super K.O. Bounty
Super K.O. Bounty ▸ 045 ブラインドストラクチャー / 19:45 - 20:00,CAJcRlRs2__superkobounty-045,テキスト,Super K.O. Bounty
Super K.O. Bounty ▸ 046 ブラインドストラクチャー / 800,CAJcRlRs2__superkobounty-046,テキスト,Super K.O. Bounty
Super K.O. Bounty ▸ 047 ブラインドストラクチャー / 400 - 800,CAJcRlRs2__superkobounty-047,テキスト,Super K.O. Bounty
Super K.O. Bounty ▸ 048 ブラインドストラクチャー / 0:15,CAJcRlRs2__superkobounty-048,テキスト,Super K.O. Bounty
Super K.O. Bounty ▸ 049 ブラインドストラクチャー / 20:00 - 20:15,CAJcRlRs2__superkobounty-049,テキスト,Super K.O. Bounty
"Super K.O. Bounty ▸ 050 ブラインドストラクチャー / 1,000",CAJcRlRs2__superkobounty-050,テキスト,Super K.O. Bounty
"Super K.O. Bounty ▸ 051 ブラインドストラクチャー / 500 - 1,000",CAJcRlRs2__superkobounty-051,テキスト,Super K.O. Bounty
Super K.O. Bounty ▸ 052 ブラインドストラクチャー / 0:15,CAJcRlRs2__superkobounty-052,テキスト,Super K.O. Bounty
Super K.O. Bounty ▸ 053 ブラインドストラクチャー / 20:15 - 20:30,CAJcRlRs2__superkobounty-053,テキスト,Super K.O. Bounty
Super K.O. Bounty ▸ 054 ブラインドストラクチャー / Break & Registration Close…,CAJcRlRs2__superkobounty-054,テキスト,Super K.O. Bounty
"Super K.O. Bounty ▸ 055 ブラインドストラクチャー / 1,200",CAJcRlRs2__superkobounty-055,テキスト,Super K.O. Bounty
"Super K.O. Bounty ▸ 056 ブラインドストラクチャー / 600 - 1,200",CAJcRlRs2__superkobounty-056,テキスト,Super K.O. Bounty
Super K.O. Bounty ▸ 057 ブラインドストラクチャー / 0:10,CAJcRlRs2__superkobounty-057,テキスト,Super K.O. Bounty
Super K.O. Bounty ▸ 058 ブラインドストラクチャー / 20:40 - 20:50,CAJcRlRs2__superkobounty-058,テキスト,Super K.O. Bounty
"Super K.O. Bounty ▸ 059 ブラインドストラクチャー / 1,500",CAJcRlRs2__superkobounty-059,テキスト,Super K.O. Bounty
"Super K.O. Bounty ▸ 060 ブラインドストラクチャー / 1,000 - 1,500",CAJcRlRs2__superkobounty-060,テキスト,Super K.O. Bounty
Super K.O. Bounty ▸ 061 ブラインドストラクチャー / 0:10,CAJcRlRs2__superkobounty-061,テキスト,Super K.O. Bounty
Super K.O. Bounty ▸ 062 ブラインドストラクチャー / 20:50 - 21:00,CAJcRlRs2__superkobounty-062,テキスト,Super K.O. Bounty
Super K.O. Bounty ▸ 063 ブラインドストラクチャー / 10,CAJcRlRs2__superkobounty-063,テキスト,Super K.O. Bounty
"Super K.O. Bounty ▸ 064 ブラインドストラクチャー / 2,000",CAJcRlRs2__superkobounty-064,テキスト,Super K.O. Bounty
"Super K.O. Bounty ▸ 065 ブラインドストラクチャー / 1,000 - 2,000",CAJcRlRs2__superkobounty-065,テキスト,Super K.O. Bounty
Super K.O. Bounty ▸ 066 ブラインドストラクチャー / 0:10,CAJcRlRs2__superkobounty-066,テキスト,Super K.O. Bounty
Super K.O. Bounty ▸ 067 ブラインドストラクチャー / 21:00 - 21:10,CAJcRlRs2__superkobounty-067,テキスト,Super K.O. Bounty
Super K.O. Bounty ▸ 068 ブラインドストラクチャー / 11,CAJcRlRs2__superkobounty-068,テキスト,Super K.O. Bounty
"Super K.O. Bounty ▸ 069 ブラインドストラクチャー / 2,500",CAJcRlRs2__superkobounty-069,テキスト,Super K.O. Bounty
"Super K.O. Bounty ▸ 070 ブラインドストラクチャー / 1,000 - 2,500",CAJcRlRs2__superkobounty-070,テキスト,Super K.O. Bounty
Super K.O. Bounty ▸ 071 ブラインドストラクチャー / 0:10,CAJcRlRs2__superkobounty-071,テキスト,Super K.O. Bounty
Super K.O. Bounty ▸ 072 ブラインドストラクチャー / 21:10 - 21:20,CAJcRlRs2__superkobounty-072,テキスト,Super K.O. Bounty
Super K.O. Bounty ▸ 073 ブラインドストラクチャー / 100 chips Remove,CAJcRlRs2__superkobounty-073,テキスト,Super K.O. Bounty
Super K.O. Bounty ▸ 074 ブラインドストラクチャー / 12,CAJcRlRs2__superkobounty-074,テキスト,Super K.O. Bounty
"Super K.O. Bounty ▸ 075 ブラインドストラクチャー / 3,000",CAJcRlRs2__superkobounty-075,テキスト,Super K.O. Bounty
"Super K.O. Bounty ▸ 076 ブラインドストラクチャー / 1,500 - 3,000",CAJcRlRs2__superkobounty-076,テキスト,Super K.O. Bounty
Super K.O. Bounty ▸ 077 ブラインドストラクチャー / 0:10,CAJcRlRs2__superkobounty-077,テキスト,Super K.O. Bounty
Super K.O. Bounty ▸ 078 ブラインドストラクチャー / 21:20 - 21:30,CAJcRlRs2__superkobounty-078,テキスト,Super K.O. Bounty
Super K.O. Bounty ▸ 079 ブラインドストラクチャー / 13,CAJcRlRs2__superkobounty-079,テキスト,Super K.O. Bounty
"Super K.O. Bounty ▸ 080 ブラインドストラクチャー / 4,000",CAJcRlRs2__superkobounty-080,テキスト,Super K.O. Bounty
"Super K.O. Bounty ▸ 081 ブラインドストラクチャー / 2,000 - 4,000",CAJcRlRs2__superkobounty-081,テキスト,Super K.O. Bounty
Super K.O. Bounty ▸ 082 ブラインドストラクチャー / 0:10,CAJcRlRs2__superkobounty-082,テキスト,Super K.O. Bounty
Super K.O. Bounty ▸ 083 ブラインドストラクチャー / 21:30 - 21:40,CAJcRlRs2__superkobounty-083,テキスト,Super K.O. Bounty
Super K.O. Bounty ▸ 084 ブラインドストラクチャー / 14,CAJcRlRs2__superkobounty-084,テキスト,Super K.O. Bounty
"Super K.O. Bounty ▸ 085 ブラインドストラクチャー / 5,000",CAJcRlRs2__superkobounty-085,テキスト,Super K.O. Bounty
"Super K.O. Bounty ▸ 086 ブラインドストラクチャー / 2,500 - 5,000",CAJcRlRs2__superkobounty-086,テキスト,Super K.O. Bounty
Super K.O. Bounty ▸ 087 ブラインドストラクチャー / 0:10,CAJcRlRs2__superkobounty-087,テキスト,Super K.O. Bounty
Super K.O. Bounty ▸ 088 ブラインドストラクチャー / 21:40 - 21:50,CAJcRlRs2__superkobounty-088,テキスト,Super K.O. Bounty
Super K.O. Bounty ▸ 089 ブラインドストラクチャー / 500 chips Remove,CAJcRlRs2__superkobounty-089,テキスト,Super K.O. Bounty
Super K.O. Bounty ▸ 090 ブラインドストラクチャー / 15,CAJcRlRs2__superkobounty-090,テキスト,Super K.O. Bounty
"Super K.O. Bounty ▸ 091 ブラインドストラクチャー / 6,000",CAJcRlRs2__superkobounty-091,テキスト,Super K.O. Bounty
"Super K.O. Bounty ▸ 092 ブラインドストラクチャー / 3,000 - 6,000",CAJcRlRs2__superkobounty-092,テキスト,Super K.O. Bounty
Super K.O. Bounty ▸ 093 ブラインドストラクチャー / 0:10,CAJcRlRs2__superkobounty-093,テキスト,Super K.O. Bounty
Super K.O. Bounty ▸ 094 ブラインドストラクチャー / 21:50 - 22:00,CAJcRlRs2__superkobounty-094,テキスト,Super K.O. Bounty
Super K.O. Bounty ▸ 095 ブラインドストラクチャー / 16,CAJcRlRs2__superkobounty-095,テキスト,Super K.O. Bounty
"Super K.O. Bounty ▸ 096 ブラインドストラクチャー / 8,000",CAJcRlRs2__superkobounty-096,テキスト,Super K.O. Bounty
"Super K.O. Bounty ▸ 097 ブラインドストラクチャー / 4,000 - 8,000",CAJcRlRs2__superkobounty-097,テキスト,Super K.O. Bounty
Super K.O. Bounty ▸ 098 ブラインドストラクチャー / 0:10,CAJcRlRs2__superkobounty-098,テキスト,Super K.O. Bounty
Super K.O. Bounty ▸ 099 ブラインドストラクチャー / 22:00 - 22:10,CAJcRlRs2__superkobounty-099,テキスト,Super K.O. Bounty
Super K.O. Bounty ▸ 100 ブラインドストラクチャー / 17,CAJcRlRs2__superkobounty-100,テキスト,Super K.O. Bounty
"Super K.O. Bounty ▸ 101 ブラインドストラクチャー / 10,000",CAJcRlRs2__superkobounty-101,テキスト,Super K.O. Bounty
"Super K.O. Bounty ▸ 102 ブラインドストラクチャー / 5,000 - 10,000",CAJcRlRs2__superkobounty-102,テキスト,Super K.O. Bounty
Super K.O. Bounty ▸ 103 ブラインドストラクチャー / 0:10,CAJcRlRs2__superkobounty-103,テキスト,Super K.O. Bounty
Super K.O. Bounty ▸ 104 ブラインドストラクチャー / 22:10 - 22:20,CAJcRlRs2__superkobounty-104,テキスト,Super K.O. Bounty
Super K.O. Bounty ▸ 105 ブラインドストラクチャー / 18,CAJcRlRs2__superkobounty-105,テキスト,Super K.O. Bounty
"Super K.O. Bounty ▸ 106 ブラインドストラクチャー / 12,000",CAJcRlRs2__superkobounty-106,テキスト,Super K.O. Bounty
"Super K.O. Bounty ▸ 107 ブラインドストラクチャー / 6,000 - 12,000",CAJcRlRs2__superkobounty-107,テキスト,Super K.O. Bounty
Super K.O. Bounty ▸ 108 ブラインドストラクチャー / 0:10,CAJcRlRs2__superkobounty-108,テキスト,Super K.O. Bounty
Super K.O. Bounty ▸ 109 ブラインドストラクチャー / 22:20 - 22:30,CAJcRlRs2__superkobounty-109,テキスト,Super K.O. Bounty
Super K.O. Bounty ▸ 110 ブラインドストラクチャー / 19,CAJcRlRs2__superkobounty-110,テキスト,Super K.O. Bounty
"Super K.O. Bounty ▸ 111 ブラインドストラクチャー / 15,000",CAJcRlRs2__superkobounty-111,テキスト,Super K.O. Bounty
"Super K.O. Bounty ▸ 112 ブラインドストラクチャー / 10,000 - 15,000",CAJcRlRs2__superkobounty-112,テキスト,Super K.O. Bounty
Super K.O. Bounty ▸ 113 ブラインドストラクチャー / 0:10,CAJcRlRs2__superkobounty-113,テキスト,Super K.O. Bounty
Super K.O. Bounty ▸ 114 ブラインドストラクチャー / 22:30 - 22:40,CAJcRlRs2__superkobounty-114,テキスト,Super K.O. Bounty
Super K.O. Bounty ▸ 115 ブラインドストラクチャー / 20,CAJcRlRs2__superkobounty-115,テキスト,Super K.O. Bounty
"Super K.O. Bounty ▸ 116 ブラインドストラクチャー / 20,000",CAJcRlRs2__superkobounty-116,テキスト,Super K.O. Bounty
"Super K.O. Bounty ▸ 117 ブラインドストラクチャー / 10,000 - 20,000",CAJcRlRs2__superkobounty-117,テキスト,Super K.O. Bounty
Super K.O. Bounty ▸ 118 ブラインドストラクチャー / 0:10,CAJcRlRs2__superkobounty-118,テキスト,Super K.O. Bounty
Super K.O. Bounty ▸ 119 ブラインドストラクチャー / 22:40 - 22:50,CAJcRlRs2__superkobounty-119,テキスト,Super K.O. Bounty
Super K.O. Bounty ▸ 120 ブラインドストラクチャー / 21,CAJcRlRs2__superkobounty-120,テキスト,Super K.O. Bounty
"Super K.O. Bounty ▸ 121 ブラインドストラクチャー / 25,000",CAJcRlRs2__superkobounty-121,テキスト,Super K.O. Bounty
"Super K.O. Bounty ▸ 122 ブラインドストラクチャー / 15,000 - 25,000",CAJcRlRs2__superkobounty-122,テキスト,Super K.O. Bounty
Super K.O. Bounty ▸ 123 ブラインドストラクチャー / 0:10,CAJcRlRs2__superkobounty-123,テキスト,Super K.O. Bounty
Super K.O. Bounty ▸ 124 ブラインドストラクチャー / 22:50 - 23:00,CAJcRlRs2__superkobounty-124,テキスト,Super K.O. Bounty
Super K.O. Bounty ▸ 125 ブラインドストラクチャー / 22,CAJcRlRs2__superkobounty-125,テキスト,Super K.O. Bounty
"Super K.O. Bounty ▸ 126 ブラインドストラクチャー / 30,000",CAJcRlRs2__superkobounty-126,テキスト,Super K.O. Bounty
"Super K.O. Bounty ▸ 127 ブラインドストラクチャー / 15,000 - 30,000",CAJcRlRs2__superkobounty-127,テキスト,Super K.O. Bounty
Super K.O. Bounty ▸ 128 ブラインドストラクチャー / 0:10,CAJcRlRs2__superkobounty-128,テキスト,Super K.O. Bounty
Super K.O. Bounty ▸ 129 ブラインドストラクチャー / 23:00 - 23:10,CAJcRlRs2__superkobounty-129,テキスト,Super K.O. Bounty
Super K.O. Bounty ▸ 130 プライズ（エントリー数別） / PRIZE,CAJcRlRs2__superkobounty-130,テキスト,Super K.O. Bounty
Super K.O. Bounty ▸ 131 プライズ（エントリー数別） / プライズ（エントリー数別）,CAJcRlRs2__superkobounty-131,テキスト,Super K.O. Bounty
Super K.O. Bounty ▸ 132 プライズ（エントリー数別） / エントリー数に応じてプライズ額・入賞人数が変動します…,CAJcRlRs2__superkobounty-132,テキスト,Super K.O. Bounty
Super K.O. Bounty ▸ 133 レギュレーション / REGULATION,CAJcRlRs2__superkobounty-133,テキスト,Super K.O. Bounty
Super K.O. Bounty ▸ 134 レギュレーション / レギュレーション,CAJcRlRs2__superkobounty-134,テキスト,Super K.O. Bounty
Super K.O. Bounty ▸ 135 レギュレーション / 本トーナメントはバウンティトーナメントです。ゲーム開…,CAJcRlRs2__superkobounty-135,テキスト,Super K.O. Bounty
Super K.O. Bounty ▸ 136 レギュレーション / 本トーナメントはTDAルール2024に準拠して開催さ…,CAJcRlRs2__superkobounty-136,テキスト,Super K.O. Bounty
Super K.O. Bounty ▸ 137 レギュレーション / 本トーナメントにおける最終判断はTDに委ねられます。,CAJcRlRs2__superkobounty-137,テキスト,Super K.O. Bounty
Super K.O. Bounty ▸ 138 レギュレーション / 本トーナメントへの参加及びプライズの授与には”Pok…,CAJcRlRs2__superkobounty-138,テキスト,Super K.O. Bounty
Super K.O. Bounty ▸ 139 レギュレーション / 本トーナメントのプライズは営業終了時の付与となり、翌…,CAJcRlRs2__superkobounty-139,テキスト,Super K.O. Bounty
Super K.O. Bounty ▸ 140 レギュレーション / ストラクチャーはTDの権限で予告なく変更される場合が…,CAJcRlRs2__superkobounty-140,テキスト,Super K.O. Bounty
Super K.O. Bounty ▸ 141 レギュレーション / シートリドローはファイナルテーブルスタート時、及びT…,CAJcRlRs2__superkobounty-141,テキスト,Super K.O. Bounty
Super K.O. Bounty ▸ 142 Super K.O. Bounty / ../../assets/img/pages/img_19_f8ec2362.w…,CAJcRlRs2__superkobounty-142,画像,Super K.O. Bounty
Holiday Superstack ▸ 001 Holiday Superstack / HOUSE TOURNAMENT,CAJcRlRs2__superstack-001,テキスト,Holiday Superstack
Holiday Superstack ▸ 002 Holiday Superstack / Holiday Superstack,CAJcRlRs2__superstack-002,テキスト,Holiday Superstack
Holiday Superstack ▸ 003 Holiday Superstack / 【Bランク】トーナメント,CAJcRlRs2__superstack-003,テキスト,Holiday Superstack
Holiday Superstack ▸ 004 Holiday Superstack / ご好評につきプライズがパワーアップしました！ 休日限…,CAJcRlRs2__superstack-004,テキスト,Holiday Superstack
Holiday Superstack ▸ 005 トーナメント詳細 / SUMMARY,CAJcRlRs2__superstack-005,テキスト,Holiday Superstack
Holiday Superstack ▸ 006 トーナメント詳細 / トーナメント詳細,CAJcRlRs2__superstack-006,テキスト,Holiday Superstack
Holiday Superstack ▸ 007 トーナメント詳細 / 開始時刻,CAJcRlRs2__superstack-007,テキスト,Holiday Superstack
Holiday Superstack ▸ 008 トーナメント詳細 / 17:20,CAJcRlRs2__superstack-008,テキスト,Holiday Superstack
Holiday Superstack ▸ 009 トーナメント詳細 / レジストレーション締切,CAJcRlRs2__superstack-009,テキスト,Holiday Superstack
Holiday Superstack ▸ 010 トーナメント詳細 / 19:30 ごろ,CAJcRlRs2__superstack-010,テキスト,Holiday Superstack
Holiday Superstack ▸ 011 トーナメント詳細 / ゲーム,CAJcRlRs2__superstack-011,テキスト,Holiday Superstack
Holiday Superstack ▸ 012 トーナメント詳細 / ノーリミット／テキサスホールデム,CAJcRlRs2__superstack-012,テキスト,Holiday Superstack
Holiday Superstack ▸ 013 トーナメント詳細 / 参加費,CAJcRlRs2__superstack-013,テキスト,Holiday Superstack
"Holiday Superstack ▸ 014 トーナメント詳細 / ¥5,000",CAJcRlRs2__superstack-014,テキスト,Holiday Superstack
Holiday Superstack ▸ 015 トーナメント詳細 / スタック,CAJcRlRs2__superstack-015,テキスト,Holiday Superstack
"Holiday Superstack ▸ 016 トーナメント詳細 / 30,000点",CAJcRlRs2__superstack-016,テキスト,Holiday Superstack
Holiday Superstack ▸ 017 ブラインドストラクチャー / STRUCTURE,CAJcRlRs2__superstack-017,テキスト,Holiday Superstack
Holiday Superstack ▸ 018 ブラインドストラクチャー / ブラインドストラクチャー,CAJcRlRs2__superstack-018,テキスト,Holiday Superstack
Holiday Superstack ▸ 019 ブラインドストラクチャー / ストラクチャー表（全レベル）,CAJcRlRs2__superstack-019,テキスト,Holiday Superstack
Holiday Superstack ▸ 020 ブラインドストラクチャー / Lv.,CAJcRlRs2__superstack-020,テキスト,Holiday Superstack
Holiday Superstack ▸ 021 ブラインドストラクチャー / BB Ante,CAJcRlRs2__superstack-021,テキスト,Holiday Superstack
Holiday Superstack ▸ 022 ブラインドストラクチャー / Blinds,CAJcRlRs2__superstack-022,テキスト,Holiday Superstack
Holiday Superstack ▸ 023 ブラインドストラクチャー / Duration,CAJcRlRs2__superstack-023,テキスト,Holiday Superstack
Holiday Superstack ▸ 024 ブラインドストラクチャー / Time Table,CAJcRlRs2__superstack-024,テキスト,Holiday Superstack
Holiday Superstack ▸ 025 ブラインドストラクチャー / 200,CAJcRlRs2__superstack-025,テキスト,Holiday Superstack
Holiday Superstack ▸ 026 ブラインドストラクチャー / 100 - 200,CAJcRlRs2__superstack-026,テキスト,Holiday Superstack
Holiday Superstack ▸ 027 ブラインドストラクチャー / 0:15,CAJcRlRs2__superstack-027,テキスト,Holiday Superstack
Holiday Superstack ▸ 028 ブラインドストラクチャー / 17:20 - 17:35,CAJcRlRs2__superstack-028,テキスト,Holiday Superstack
Holiday Superstack ▸ 029 ブラインドストラクチャー / 300,CAJcRlRs2__superstack-029,テキスト,Holiday Superstack
Holiday Superstack ▸ 030 ブラインドストラクチャー / 200 - 300,CAJcRlRs2__superstack-030,テキスト,Holiday Superstack
Holiday Superstack ▸ 031 ブラインドストラクチャー / 0:15,CAJcRlRs2__superstack-031,テキスト,Holiday Superstack
Holiday Superstack ▸ 032 ブラインドストラクチャー / 17:35 - 17:50,CAJcRlRs2__superstack-032,テキスト,Holiday Superstack
Holiday Superstack ▸ 033 ブラインドストラクチャー / 400,CAJcRlRs2__superstack-033,テキスト,Holiday Superstack
Holiday Superstack ▸ 034 ブラインドストラクチャー / 200 - 400,CAJcRlRs2__superstack-034,テキスト,Holiday Superstack
Holiday Superstack ▸ 035 ブラインドストラクチャー / 0:15,CAJcRlRs2__superstack-035,テキスト,Holiday Superstack
Holiday Superstack ▸ 036 ブラインドストラクチャー / 17:50 - 18:05,CAJcRlRs2__superstack-036,テキスト,Holiday Superstack
Holiday Superstack ▸ 037 ブラインドストラクチャー / 500,CAJcRlRs2__superstack-037,テキスト,Holiday Superstack
Holiday Superstack ▸ 038 ブラインドストラクチャー / 300 - 500,CAJcRlRs2__superstack-038,テキスト,Holiday Superstack
Holiday Superstack ▸ 039 ブラインドストラクチャー / 0:15,CAJcRlRs2__superstack-039,テキスト,Holiday Superstack
Holiday Superstack ▸ 040 ブラインドストラクチャー / 18:05 - 18:20,CAJcRlRs2__superstack-040,テキスト,Holiday Superstack
Holiday Superstack ▸ 041 ブラインドストラクチャー / 600,CAJcRlRs2__superstack-041,テキスト,Holiday Superstack
Holiday Superstack ▸ 042 ブラインドストラクチャー / 300 - 600,CAJcRlRs2__superstack-042,テキスト,Holiday Superstack
Holiday Superstack ▸ 043 ブラインドストラクチャー / 0:15,CAJcRlRs2__superstack-043,テキスト,Holiday Superstack
Holiday Superstack ▸ 044 ブラインドストラクチャー / 18:20 - 18:35,CAJcRlRs2__superstack-044,テキスト,Holiday Superstack
Holiday Superstack ▸ 045 ブラインドストラクチャー / 800,CAJcRlRs2__superstack-045,テキスト,Holiday Superstack
Holiday Superstack ▸ 046 ブラインドストラクチャー / 400 - 800,CAJcRlRs2__superstack-046,テキスト,Holiday Superstack
Holiday Superstack ▸ 047 ブラインドストラクチャー / 0:15,CAJcRlRs2__superstack-047,テキスト,Holiday Superstack
Holiday Superstack ▸ 048 ブラインドストラクチャー / 18:35 - 18:50,CAJcRlRs2__superstack-048,テキスト,Holiday Superstack
"Holiday Superstack ▸ 049 ブラインドストラクチャー / 1,000",CAJcRlRs2__superstack-049,テキスト,Holiday Superstack
"Holiday Superstack ▸ 050 ブラインドストラクチャー / 500 - 1,000",CAJcRlRs2__superstack-050,テキスト,Holiday Superstack
Holiday Superstack ▸ 051 ブラインドストラクチャー / 0:15,CAJcRlRs2__superstack-051,テキスト,Holiday Superstack
Holiday Superstack ▸ 052 ブラインドストラクチャー / 18:50 - 19:05,CAJcRlRs2__superstack-052,テキスト,Holiday Superstack
"Holiday Superstack ▸ 053 ブラインドストラクチャー / 1,200",CAJcRlRs2__superstack-053,テキスト,Holiday Superstack
"Holiday Superstack ▸ 054 ブラインドストラクチャー / 600 - 1,200",CAJcRlRs2__superstack-054,テキスト,Holiday Superstack
Holiday Superstack ▸ 055 ブラインドストラクチャー / 0:15,CAJcRlRs2__superstack-055,テキスト,Holiday Superstack
Holiday Superstack ▸ 056 ブラインドストラクチャー / 19:05 - 19:20,CAJcRlRs2__superstack-056,テキスト,Holiday Superstack
Holiday Superstack ▸ 057 ブラインドストラクチャー / Break & Registration Close…,CAJcRlRs2__superstack-057,テキスト,Holiday Superstack
"Holiday Superstack ▸ 058 ブラインドストラクチャー / 1,500",CAJcRlRs2__superstack-058,テキスト,Holiday Superstack
"Holiday Superstack ▸ 059 ブラインドストラクチャー / 1,000 - 1,500",CAJcRlRs2__superstack-059,テキスト,Holiday Superstack
Holiday Superstack ▸ 060 ブラインドストラクチャー / 0:15,CAJcRlRs2__superstack-060,テキスト,Holiday Superstack
Holiday Superstack ▸ 061 ブラインドストラクチャー / 19:30 - 19:45,CAJcRlRs2__superstack-061,テキスト,Holiday Superstack
Holiday Superstack ▸ 062 ブラインドストラクチャー / 10,CAJcRlRs2__superstack-062,テキスト,Holiday Superstack
"Holiday Superstack ▸ 063 ブラインドストラクチャー / 2,000",CAJcRlRs2__superstack-063,テキスト,Holiday Superstack
"Holiday Superstack ▸ 064 ブラインドストラクチャー / 1,000 - 2,000",CAJcRlRs2__superstack-064,テキスト,Holiday Superstack
Holiday Superstack ▸ 065 ブラインドストラクチャー / 0:15,CAJcRlRs2__superstack-065,テキスト,Holiday Superstack
Holiday Superstack ▸ 066 ブラインドストラクチャー / 19:45 - 20:00,CAJcRlRs2__superstack-066,テキスト,Holiday Superstack
Holiday Superstack ▸ 067 ブラインドストラクチャー / 11,CAJcRlRs2__superstack-067,テキスト,Holiday Superstack
"Holiday Superstack ▸ 068 ブラインドストラクチャー / 2,500",CAJcRlRs2__superstack-068,テキスト,Holiday Superstack
"Holiday Superstack ▸ 069 ブラインドストラクチャー / 1,000 - 2,500",CAJcRlRs2__superstack-069,テキスト,Holiday Superstack
Holiday Superstack ▸ 070 ブラインドストラクチャー / 0:15,CAJcRlRs2__superstack-070,テキスト,Holiday Superstack
Holiday Superstack ▸ 071 ブラインドストラクチャー / 20:00 - 20:15,CAJcRlRs2__superstack-071,テキスト,Holiday Superstack
Holiday Superstack ▸ 072 ブラインドストラクチャー / 100 chips Remove,CAJcRlRs2__superstack-072,テキスト,Holiday Superstack
Holiday Superstack ▸ 073 ブラインドストラクチャー / 12,CAJcRlRs2__superstack-073,テキスト,Holiday Superstack
"Holiday Superstack ▸ 074 ブラインドストラクチャー / 3,000",CAJcRlRs2__superstack-074,テキスト,Holiday Superstack
"Holiday Superstack ▸ 075 ブラインドストラクチャー / 1,500 - 3,000",CAJcRlRs2__superstack-075,テキスト,Holiday Superstack
Holiday Superstack ▸ 076 ブラインドストラクチャー / 0:15,CAJcRlRs2__superstack-076,テキスト,Holiday Superstack
Holiday Superstack ▸ 077 ブラインドストラクチャー / 20:15 - 20:30,CAJcRlRs2__superstack-077,テキスト,Holiday Superstack
Holiday Superstack ▸ 078 ブラインドストラクチャー / 13,CAJcRlRs2__superstack-078,テキスト,Holiday Superstack
"Holiday Superstack ▸ 079 ブラインドストラクチャー / 4,000",CAJcRlRs2__superstack-079,テキスト,Holiday Superstack
"Holiday Superstack ▸ 080 ブラインドストラクチャー / 2,000 - 4,000",CAJcRlRs2__superstack-080,テキスト,Holiday Superstack
Holiday Superstack ▸ 081 ブラインドストラクチャー / 0:15,CAJcRlRs2__superstack-081,テキスト,Holiday Superstack
Holiday Superstack ▸ 082 ブラインドストラクチャー / 20:30 - 20:45,CAJcRlRs2__superstack-082,テキスト,Holiday Superstack
Holiday Superstack ▸ 083 ブラインドストラクチャー / 14,CAJcRlRs2__superstack-083,テキスト,Holiday Superstack
"Holiday Superstack ▸ 084 ブラインドストラクチャー / 5,000",CAJcRlRs2__superstack-084,テキスト,Holiday Superstack
"Holiday Superstack ▸ 085 ブラインドストラクチャー / 2,500 - 5,000",CAJcRlRs2__superstack-085,テキスト,Holiday Superstack
Holiday Superstack ▸ 086 ブラインドストラクチャー / 0:15,CAJcRlRs2__superstack-086,テキスト,Holiday Superstack
Holiday Superstack ▸ 087 ブラインドストラクチャー / 20:45 - 21:00,CAJcRlRs2__superstack-087,テキスト,Holiday Superstack
Holiday Superstack ▸ 088 ブラインドストラクチャー / 500 chips Remove,CAJcRlRs2__superstack-088,テキスト,Holiday Superstack
Holiday Superstack ▸ 089 ブラインドストラクチャー / 15,CAJcRlRs2__superstack-089,テキスト,Holiday Superstack
"Holiday Superstack ▸ 090 ブラインドストラクチャー / 6,000",CAJcRlRs2__superstack-090,テキスト,Holiday Superstack
"Holiday Superstack ▸ 091 ブラインドストラクチャー / 3,000 - 6,000",CAJcRlRs2__superstack-091,テキスト,Holiday Superstack
Holiday Superstack ▸ 092 ブラインドストラクチャー / 0:15,CAJcRlRs2__superstack-092,テキスト,Holiday Superstack
Holiday Superstack ▸ 093 ブラインドストラクチャー / 21:00 - 21:15,CAJcRlRs2__superstack-093,テキスト,Holiday Superstack
Holiday Superstack ▸ 094 ブラインドストラクチャー / 16,CAJcRlRs2__superstack-094,テキスト,Holiday Superstack
"Holiday Superstack ▸ 095 ブラインドストラクチャー / 8,000",CAJcRlRs2__superstack-095,テキスト,Holiday Superstack
"Holiday Superstack ▸ 096 ブラインドストラクチャー / 4,000 - 8,000",CAJcRlRs2__superstack-096,テキスト,Holiday Superstack
Holiday Superstack ▸ 097 ブラインドストラクチャー / 0:15,CAJcRlRs2__superstack-097,テキスト,Holiday Superstack
Holiday Superstack ▸ 098 ブラインドストラクチャー / 21:15 - 21:30,CAJcRlRs2__superstack-098,テキスト,Holiday Superstack
Holiday Superstack ▸ 099 ブラインドストラクチャー / 17,CAJcRlRs2__superstack-099,テキスト,Holiday Superstack
"Holiday Superstack ▸ 100 ブラインドストラクチャー / 10,000",CAJcRlRs2__superstack-100,テキスト,Holiday Superstack
"Holiday Superstack ▸ 101 ブラインドストラクチャー / 5,000 - 10,000",CAJcRlRs2__superstack-101,テキスト,Holiday Superstack
Holiday Superstack ▸ 102 ブラインドストラクチャー / 0:15,CAJcRlRs2__superstack-102,テキスト,Holiday Superstack
Holiday Superstack ▸ 103 ブラインドストラクチャー / 21:30 - 21:45,CAJcRlRs2__superstack-103,テキスト,Holiday Superstack
Holiday Superstack ▸ 104 ブラインドストラクチャー / 18,CAJcRlRs2__superstack-104,テキスト,Holiday Superstack
"Holiday Superstack ▸ 105 ブラインドストラクチャー / 12,000",CAJcRlRs2__superstack-105,テキスト,Holiday Superstack
"Holiday Superstack ▸ 106 ブラインドストラクチャー / 6,000 - 12,000",CAJcRlRs2__superstack-106,テキスト,Holiday Superstack
Holiday Superstack ▸ 107 ブラインドストラクチャー / 0:15,CAJcRlRs2__superstack-107,テキスト,Holiday Superstack
Holiday Superstack ▸ 108 ブラインドストラクチャー / 21:45 - 22:00,CAJcRlRs2__superstack-108,テキスト,Holiday Superstack
Holiday Superstack ▸ 109 ブラインドストラクチャー / 19,CAJcRlRs2__superstack-109,テキスト,Holiday Superstack
"Holiday Superstack ▸ 110 ブラインドストラクチャー / 15,000",CAJcRlRs2__superstack-110,テキスト,Holiday Superstack
"Holiday Superstack ▸ 111 ブラインドストラクチャー / 10,000 - 15,000",CAJcRlRs2__superstack-111,テキスト,Holiday Superstack
Holiday Superstack ▸ 112 ブラインドストラクチャー / 0:15,CAJcRlRs2__superstack-112,テキスト,Holiday Superstack
Holiday Superstack ▸ 113 ブラインドストラクチャー / 22:00 - 22:15,CAJcRlRs2__superstack-113,テキスト,Holiday Superstack
Holiday Superstack ▸ 114 ブラインドストラクチャー / 20,CAJcRlRs2__superstack-114,テキスト,Holiday Superstack
"Holiday Superstack ▸ 115 ブラインドストラクチャー / 20,000",CAJcRlRs2__superstack-115,テキスト,Holiday Superstack
"Holiday Superstack ▸ 116 ブラインドストラクチャー / 10,000 - 20,000",CAJcRlRs2__superstack-116,テキスト,Holiday Superstack
Holiday Superstack ▸ 117 ブラインドストラクチャー / 0:15,CAJcRlRs2__superstack-117,テキスト,Holiday Superstack
Holiday Superstack ▸ 118 ブラインドストラクチャー / 22:15 - 22:30,CAJcRlRs2__superstack-118,テキスト,Holiday Superstack
Holiday Superstack ▸ 119 ブラインドストラクチャー / 21,CAJcRlRs2__superstack-119,テキスト,Holiday Superstack
"Holiday Superstack ▸ 120 ブラインドストラクチャー / 25,000",CAJcRlRs2__superstack-120,テキスト,Holiday Superstack
"Holiday Superstack ▸ 121 ブラインドストラクチャー / 10,000 - 25,000",CAJcRlRs2__superstack-121,テキスト,Holiday Superstack
Holiday Superstack ▸ 122 ブラインドストラクチャー / 0:15,CAJcRlRs2__superstack-122,テキスト,Holiday Superstack
Holiday Superstack ▸ 123 ブラインドストラクチャー / 22:30 - 22:45,CAJcRlRs2__superstack-123,テキスト,Holiday Superstack
Holiday Superstack ▸ 124 ブラインドストラクチャー / 22,CAJcRlRs2__superstack-124,テキスト,Holiday Superstack
"Holiday Superstack ▸ 125 ブラインドストラクチャー / 30,000",CAJcRlRs2__superstack-125,テキスト,Holiday Superstack
"Holiday Superstack ▸ 126 ブラインドストラクチャー / 15,000 - 30,000",CAJcRlRs2__superstack-126,テキスト,Holiday Superstack
Holiday Superstack ▸ 127 ブラインドストラクチャー / 0:15,CAJcRlRs2__superstack-127,テキスト,Holiday Superstack
Holiday Superstack ▸ 128 ブラインドストラクチャー / 22:45 - 23:00,CAJcRlRs2__superstack-128,テキスト,Holiday Superstack
Holiday Superstack ▸ 129 プライズ（エントリー数別） / PRIZE,CAJcRlRs2__superstack-129,テキスト,Holiday Superstack
Holiday Superstack ▸ 130 プライズ（エントリー数別） / プライズ（エントリー数別）,CAJcRlRs2__superstack-130,テキスト,Holiday Superstack
Holiday Superstack ▸ 131 プライズ（エントリー数別） / エントリー数に応じてプライズ額・入賞人数が変動します…,CAJcRlRs2__superstack-131,テキスト,Holiday Superstack
Holiday Superstack ▸ 132 レギュレーション / REGULATION,CAJcRlRs2__superstack-132,テキスト,Holiday Superstack
Holiday Superstack ▸ 133 レギュレーション / レギュレーション,CAJcRlRs2__superstack-133,テキスト,Holiday Superstack
Holiday Superstack ▸ 134 レギュレーション / 本トーナメントはTDAルール2024に準拠して開催さ…,CAJcRlRs2__superstack-134,テキスト,Holiday Superstack
Holiday Superstack ▸ 135 レギュレーション / 本トーナメントにおける最終判断はTDに委ねられます。,CAJcRlRs2__superstack-135,テキスト,Holiday Superstack
Holiday Superstack ▸ 136 レギュレーション / 本トーナメントへの参加及びプライズの授与には”Pok…,CAJcRlRs2__superstack-136,テキスト,Holiday Superstack
Holiday Superstack ▸ 137 レギュレーション / 本トーナメントのプライズは営業終了時の付与となり、翌…,CAJcRlRs2__superstack-137,テキスト,Holiday Superstack
Holiday Superstack ▸ 138 レギュレーション / ストラクチャーはTDの権限で予告なく変更される場合が…,CAJcRlRs2__superstack-138,テキスト,Holiday Superstack
Holiday Superstack ▸ 139 レギュレーション / シートリドローはファイナルテーブルスタート時、及びT…,CAJcRlRs2__superstack-139,テキスト,Holiday Superstack
Holiday Superstack ▸ 140 Holiday Superstack / ../../assets/img/pages/img_22_a69a545d.w…,CAJcRlRs2__superstack-140,画像,Holiday Superstack
The Classic ▸ 001 The Classic / HOUSE TOURNAMENT,CAJcRlRs2__theclassic-001,テキスト,The Classic
The Classic ▸ 002 The Classic / The Classic,CAJcRlRs2__theclassic-002,テキスト,The Classic
The Classic ▸ 003 The Classic / 【Cランク】トーナメント,CAJcRlRs2__theclassic-003,テキスト,The Classic
The Classic ▸ 004 The Classic / YORIMICHIにトラディショナルスタイルのトーナ…,CAJcRlRs2__theclassic-004,テキスト,The Classic
The Classic ▸ 005 The Classic / 普段のライブトーナメントではなかなか体験できない、伝…,CAJcRlRs2__theclassic-005,テキスト,The Classic
The Classic ▸ 006 トーナメント詳細 / SUMMARY,CAJcRlRs2__theclassic-006,テキスト,The Classic
The Classic ▸ 007 トーナメント詳細 / トーナメント詳細,CAJcRlRs2__theclassic-007,テキスト,The Classic
The Classic ▸ 008 トーナメント詳細 / 開始時刻,CAJcRlRs2__theclassic-008,テキスト,The Classic
The Classic ▸ 009 トーナメント詳細 / 18:45,CAJcRlRs2__theclassic-009,テキスト,The Classic
The Classic ▸ 010 トーナメント詳細 / レジストレーション締切,CAJcRlRs2__theclassic-010,テキスト,The Classic
The Classic ▸ 011 トーナメント詳細 / 20:40 ごろ,CAJcRlRs2__theclassic-011,テキスト,The Classic
The Classic ▸ 012 トーナメント詳細 / ゲーム,CAJcRlRs2__theclassic-012,テキスト,The Classic
The Classic ▸ 013 トーナメント詳細 / ノーリミット／テキサスホールデム,CAJcRlRs2__theclassic-013,テキスト,The Classic
The Classic ▸ 014 トーナメント詳細 / 参加費,CAJcRlRs2__theclassic-014,テキスト,The Classic
"The Classic ▸ 015 トーナメント詳細 / ¥2,000",CAJcRlRs2__theclassic-015,テキスト,The Classic
The Classic ▸ 016 トーナメント詳細 / スタック,CAJcRlRs2__theclassic-016,テキスト,The Classic
"The Classic ▸ 017 トーナメント詳細 / 10,000点",CAJcRlRs2__theclassic-017,テキスト,The Classic
The Classic ▸ 018 ブラインドストラクチャー / STRUCTURE,CAJcRlRs2__theclassic-018,テキスト,The Classic
The Classic ▸ 019 ブラインドストラクチャー / ブラインドストラクチャー,CAJcRlRs2__theclassic-019,テキスト,The Classic
The Classic ▸ 020 ブラインドストラクチャー / ストラクチャー表（Lv.1-3）,CAJcRlRs2__theclassic-020,テキスト,The Classic
The Classic ▸ 021 ブラインドストラクチャー / Lv.,CAJcRlRs2__theclassic-021,テキスト,The Classic
The Classic ▸ 022 ブラインドストラクチャー / BB Ante,CAJcRlRs2__theclassic-022,テキスト,The Classic
The Classic ▸ 023 ブラインドストラクチャー / Blinds,CAJcRlRs2__theclassic-023,テキスト,The Classic
The Classic ▸ 024 ブラインドストラクチャー / Duration,CAJcRlRs2__theclassic-024,テキスト,The Classic
The Classic ▸ 025 ブラインドストラクチャー / Time Table,CAJcRlRs2__theclassic-025,テキスト,The Classic
The Classic ▸ 026 ブラインドストラクチャー / 50 - 100,CAJcRlRs2__theclassic-026,テキスト,The Classic
The Classic ▸ 027 ブラインドストラクチャー / 0:15,CAJcRlRs2__theclassic-027,テキスト,The Classic
The Classic ▸ 028 ブラインドストラクチャー / 18:45 - 19:00,CAJcRlRs2__theclassic-028,テキスト,The Classic
The Classic ▸ 029 ブラインドストラクチャー / 75 - 150,CAJcRlRs2__theclassic-029,テキスト,The Classic
The Classic ▸ 030 ブラインドストラクチャー / 0:15,CAJcRlRs2__theclassic-030,テキスト,The Classic
The Classic ▸ 031 ブラインドストラクチャー / 19:00 - 19:15,CAJcRlRs2__theclassic-031,テキスト,The Classic
The Classic ▸ 032 ブラインドストラクチャー / 100 - 200,CAJcRlRs2__theclassic-032,テキスト,The Classic
The Classic ▸ 033 ブラインドストラクチャー / 0:15,CAJcRlRs2__theclassic-033,テキスト,The Classic
The Classic ▸ 034 ブラインドストラクチャー / 19:15 - 19:30,CAJcRlRs2__theclassic-034,テキスト,The Classic
The Classic ▸ 035 ブラインドストラクチャー / ※ Lv.4 以降のストラクチャーは当日のストラクチ…,CAJcRlRs2__theclassic-035,テキスト,The Classic
The Classic ▸ 036 プライズ（エントリー数別） / PRIZE,CAJcRlRs2__theclassic-036,テキスト,The Classic
The Classic ▸ 037 プライズ（エントリー数別） / プライズ（エントリー数別）,CAJcRlRs2__theclassic-037,テキスト,The Classic
The Classic ▸ 038 プライズ（エントリー数別） / エントリー数に応じてプライズ額・入賞人数が変動します…,CAJcRlRs2__theclassic-038,テキスト,The Classic
The Classic ▸ 039 レギュレーション / REGULATION,CAJcRlRs2__theclassic-039,テキスト,The Classic
The Classic ▸ 040 レギュレーション / レギュレーション,CAJcRlRs2__theclassic-040,テキスト,The Classic
The Classic ▸ 041 レギュレーション / 本トーナメントはTDAルール2024に準拠して開催さ…,CAJcRlRs2__theclassic-041,テキスト,The Classic
The Classic ▸ 042 レギュレーション / 本トーナメントにおける最終判断はTDに委ねられます。,CAJcRlRs2__theclassic-042,テキスト,The Classic
The Classic ▸ 043 レギュレーション / 本トーナメントへの参加及びプライズの授与には”Pok…,CAJcRlRs2__theclassic-043,テキスト,The Classic
The Classic ▸ 044 レギュレーション / 本トーナメントのプライズは営業終了時の付与となり、翌…,CAJcRlRs2__theclassic-044,テキスト,The Classic
The Classic ▸ 045 レギュレーション / ストラクチャーはTDの権限で予告なく変更される場合が…,CAJcRlRs2__theclassic-045,テキスト,The Classic
The Classic ▸ 046 レギュレーション / シートリドローはファイナルテーブルスタート時、及びT…,CAJcRlRs2__theclassic-046,テキスト,The Classic
The Classic ▸ 047 The Classic / ../../assets/img/pages/img_31_b2905ac8.w…,CAJcRlRs2__theclassic-047,画像,The Classic
Win The Button ▸ 001 Win The Button / HOUSE TOURNAMENT,CAJcRlRs2__winthebutton-001,テキスト,Win The Button
Win The Button ▸ 002 Win The Button / Win The Button,CAJcRlRs2__winthebutton-002,テキスト,Win The Button
Win The Button ▸ 003 Win The Button / 【Cランク】トーナメント,CAJcRlRs2__winthebutton-003,テキスト,Win The Button
Win The Button ▸ 004 Win The Button / ウィン ・ザ ・ボタン方式を採用したトーナメントです…,CAJcRlRs2__winthebutton-004,テキスト,Win The Button
Win The Button ▸ 005 Win The Button / ポットを獲得したプレイヤーが次のハンドのボタンポジシ…,CAJcRlRs2__winthebutton-005,テキスト,Win The Button
Win The Button ▸ 006 Win The Button / スプリットポットが発生した場合は、アウトオブポジショ…,CAJcRlRs2__winthebutton-006,テキスト,Win The Button
Win The Button ▸ 007 トーナメント詳細 / SUMMARY,CAJcRlRs2__winthebutton-007,テキスト,Win The Button
Win The Button ▸ 008 トーナメント詳細 / トーナメント詳細,CAJcRlRs2__winthebutton-008,テキスト,Win The Button
Win The Button ▸ 009 トーナメント詳細 / 開始時刻,CAJcRlRs2__winthebutton-009,テキスト,Win The Button
Win The Button ▸ 010 トーナメント詳細 / 18:45,CAJcRlRs2__winthebutton-010,テキスト,Win The Button
Win The Button ▸ 011 トーナメント詳細 / レジストレーション締切,CAJcRlRs2__winthebutton-011,テキスト,Win The Button
Win The Button ▸ 012 トーナメント詳細 / 20:40 ごろ,CAJcRlRs2__winthebutton-012,テキスト,Win The Button
Win The Button ▸ 013 トーナメント詳細 / ゲーム,CAJcRlRs2__winthebutton-013,テキスト,Win The Button
Win The Button ▸ 014 トーナメント詳細 / ノーリミット／テキサスホールデム,CAJcRlRs2__winthebutton-014,テキスト,Win The Button
Win The Button ▸ 015 トーナメント詳細 / 参加費,CAJcRlRs2__winthebutton-015,テキスト,Win The Button
"Win The Button ▸ 016 トーナメント詳細 / ¥2,000",CAJcRlRs2__winthebutton-016,テキスト,Win The Button
Win The Button ▸ 017 トーナメント詳細 / スタック,CAJcRlRs2__winthebutton-017,テキスト,Win The Button
"Win The Button ▸ 018 トーナメント詳細 / 20,000点",CAJcRlRs2__winthebutton-018,テキスト,Win The Button
Win The Button ▸ 019 ブラインドストラクチャー / STRUCTURE,CAJcRlRs2__winthebutton-019,テキスト,Win The Button
Win The Button ▸ 020 ブラインドストラクチャー / ブラインドストラクチャー,CAJcRlRs2__winthebutton-020,テキスト,Win The Button
Win The Button ▸ 021 ブラインドストラクチャー / ストラクチャー表（全レベル）,CAJcRlRs2__winthebutton-021,テキスト,Win The Button
Win The Button ▸ 022 ブラインドストラクチャー / Lv.,CAJcRlRs2__winthebutton-022,テキスト,Win The Button
Win The Button ▸ 023 ブラインドストラクチャー / BB Ante,CAJcRlRs2__winthebutton-023,テキスト,Win The Button
Win The Button ▸ 024 ブラインドストラクチャー / Blinds,CAJcRlRs2__winthebutton-024,テキスト,Win The Button
Win The Button ▸ 025 ブラインドストラクチャー / Duration,CAJcRlRs2__winthebutton-025,テキスト,Win The Button
Win The Button ▸ 026 ブラインドストラクチャー / Time Table,CAJcRlRs2__winthebutton-026,テキスト,Win The Button
Win The Button ▸ 027 ブラインドストラクチャー / 200,CAJcRlRs2__winthebutton-027,テキスト,Win The Button
Win The Button ▸ 028 ブラインドストラクチャー / 100 - 200,CAJcRlRs2__winthebutton-028,テキスト,Win The Button
Win The Button ▸ 029 ブラインドストラクチャー / 0:15,CAJcRlRs2__winthebutton-029,テキスト,Win The Button
Win The Button ▸ 030 ブラインドストラクチャー / 18:45 - 19:00,CAJcRlRs2__winthebutton-030,テキスト,Win The Button
Win The Button ▸ 031 ブラインドストラクチャー / 300,CAJcRlRs2__winthebutton-031,テキスト,Win The Button
Win The Button ▸ 032 ブラインドストラクチャー / 200 - 300,CAJcRlRs2__winthebutton-032,テキスト,Win The Button
Win The Button ▸ 033 ブラインドストラクチャー / 0:15,CAJcRlRs2__winthebutton-033,テキスト,Win The Button
Win The Button ▸ 034 ブラインドストラクチャー / 19:00 - 19:15,CAJcRlRs2__winthebutton-034,テキスト,Win The Button
Win The Button ▸ 035 ブラインドストラクチャー / 400,CAJcRlRs2__winthebutton-035,テキスト,Win The Button
Win The Button ▸ 036 ブラインドストラクチャー / 200 - 400,CAJcRlRs2__winthebutton-036,テキスト,Win The Button
Win The Button ▸ 037 ブラインドストラクチャー / 0:15,CAJcRlRs2__winthebutton-037,テキスト,Win The Button
Win The Button ▸ 038 ブラインドストラクチャー / 19:15 - 19:30,CAJcRlRs2__winthebutton-038,テキスト,Win The Button
Win The Button ▸ 039 ブラインドストラクチャー / 500,CAJcRlRs2__winthebutton-039,テキスト,Win The Button
Win The Button ▸ 040 ブラインドストラクチャー / 300 - 500,CAJcRlRs2__winthebutton-040,テキスト,Win The Button
Win The Button ▸ 041 ブラインドストラクチャー / 0:15,CAJcRlRs2__winthebutton-041,テキスト,Win The Button
Win The Button ▸ 042 ブラインドストラクチャー / 19:30 - 19:45,CAJcRlRs2__winthebutton-042,テキスト,Win The Button
Win The Button ▸ 043 ブラインドストラクチャー / 600,CAJcRlRs2__winthebutton-043,テキスト,Win The Button
Win The Button ▸ 044 ブラインドストラクチャー / 300 - 600,CAJcRlRs2__winthebutton-044,テキスト,Win The Button
Win The Button ▸ 045 ブラインドストラクチャー / 0:15,CAJcRlRs2__winthebutton-045,テキスト,Win The Button
Win The Button ▸ 046 ブラインドストラクチャー / 19:45 - 20:00,CAJcRlRs2__winthebutton-046,テキスト,Win The Button
Win The Button ▸ 047 ブラインドストラクチャー / 800,CAJcRlRs2__winthebutton-047,テキスト,Win The Button
Win The Button ▸ 048 ブラインドストラクチャー / 400 - 800,CAJcRlRs2__winthebutton-048,テキスト,Win The Button
Win The Button ▸ 049 ブラインドストラクチャー / 0:15,CAJcRlRs2__winthebutton-049,テキスト,Win The Button
Win The Button ▸ 050 ブラインドストラクチャー / 20:00 - 20:15,CAJcRlRs2__winthebutton-050,テキスト,Win The Button
"Win The Button ▸ 051 ブラインドストラクチャー / 1,000",CAJcRlRs2__winthebutton-051,テキスト,Win The Button
"Win The Button ▸ 052 ブラインドストラクチャー / 500 - 1,000",CAJcRlRs2__winthebutton-052,テキスト,Win The Button
Win The Button ▸ 053 ブラインドストラクチャー / 0:15,CAJcRlRs2__winthebutton-053,テキスト,Win The Button
Win The Button ▸ 054 ブラインドストラクチャー / 20:15 - 20:30,CAJcRlRs2__winthebutton-054,テキスト,Win The Button
Win The Button ▸ 055 ブラインドストラクチャー / Break & Registration Close…,CAJcRlRs2__winthebutton-055,テキスト,Win The Button
"Win The Button ▸ 056 ブラインドストラクチャー / 1,200",CAJcRlRs2__winthebutton-056,テキスト,Win The Button
"Win The Button ▸ 057 ブラインドストラクチャー / 600 - 1,200",CAJcRlRs2__winthebutton-057,テキスト,Win The Button
Win The Button ▸ 058 ブラインドストラクチャー / 0:10,CAJcRlRs2__winthebutton-058,テキスト,Win The Button
Win The Button ▸ 059 ブラインドストラクチャー / 20:40 - 20:50,CAJcRlRs2__winthebutton-059,テキスト,Win The Button
"Win The Button ▸ 060 ブラインドストラクチャー / 1,500",CAJcRlRs2__winthebutton-060,テキスト,Win The Button
"Win The Button ▸ 061 ブラインドストラクチャー / 1,000 - 1,500",CAJcRlRs2__winthebutton-061,テキスト,Win The Button
Win The Button ▸ 062 ブラインドストラクチャー / 0:10,CAJcRlRs2__winthebutton-062,テキスト,Win The Button
Win The Button ▸ 063 ブラインドストラクチャー / 20:50 - 21:00,CAJcRlRs2__winthebutton-063,テキスト,Win The Button
Win The Button ▸ 064 ブラインドストラクチャー / 10,CAJcRlRs2__winthebutton-064,テキスト,Win The Button
"Win The Button ▸ 065 ブラインドストラクチャー / 2,000",CAJcRlRs2__winthebutton-065,テキスト,Win The Button
"Win The Button ▸ 066 ブラインドストラクチャー / 1,000 - 2,000",CAJcRlRs2__winthebutton-066,テキスト,Win The Button
Win The Button ▸ 067 ブラインドストラクチャー / 0:10,CAJcRlRs2__winthebutton-067,テキスト,Win The Button
Win The Button ▸ 068 ブラインドストラクチャー / 21:00 - 21:10,CAJcRlRs2__winthebutton-068,テキスト,Win The Button
Win The Button ▸ 069 ブラインドストラクチャー / 11,CAJcRlRs2__winthebutton-069,テキスト,Win The Button
"Win The Button ▸ 070 ブラインドストラクチャー / 2,500",CAJcRlRs2__winthebutton-070,テキスト,Win The Button
"Win The Button ▸ 071 ブラインドストラクチャー / 1,000 - 2,500",CAJcRlRs2__winthebutton-071,テキスト,Win The Button
Win The Button ▸ 072 ブラインドストラクチャー / 0:10,CAJcRlRs2__winthebutton-072,テキスト,Win The Button
Win The Button ▸ 073 ブラインドストラクチャー / 21:10 - 21:20,CAJcRlRs2__winthebutton-073,テキスト,Win The Button
Win The Button ▸ 074 ブラインドストラクチャー / 100 chips Remove,CAJcRlRs2__winthebutton-074,テキスト,Win The Button
Win The Button ▸ 075 ブラインドストラクチャー / 12,CAJcRlRs2__winthebutton-075,テキスト,Win The Button
"Win The Button ▸ 076 ブラインドストラクチャー / 3,000",CAJcRlRs2__winthebutton-076,テキスト,Win The Button
"Win The Button ▸ 077 ブラインドストラクチャー / 1,500 - 3,000",CAJcRlRs2__winthebutton-077,テキスト,Win The Button
Win The Button ▸ 078 ブラインドストラクチャー / 0:10,CAJcRlRs2__winthebutton-078,テキスト,Win The Button
Win The Button ▸ 079 ブラインドストラクチャー / 21:20 - 21:30,CAJcRlRs2__winthebutton-079,テキスト,Win The Button
Win The Button ▸ 080 ブラインドストラクチャー / 13,CAJcRlRs2__winthebutton-080,テキスト,Win The Button
"Win The Button ▸ 081 ブラインドストラクチャー / 4,000",CAJcRlRs2__winthebutton-081,テキスト,Win The Button
"Win The Button ▸ 082 ブラインドストラクチャー / 2,000 - 4,000",CAJcRlRs2__winthebutton-082,テキスト,Win The Button
Win The Button ▸ 083 ブラインドストラクチャー / 0:10,CAJcRlRs2__winthebutton-083,テキスト,Win The Button
Win The Button ▸ 084 ブラインドストラクチャー / 21:30 - 21:40,CAJcRlRs2__winthebutton-084,テキスト,Win The Button
Win The Button ▸ 085 ブラインドストラクチャー / 14,CAJcRlRs2__winthebutton-085,テキスト,Win The Button
"Win The Button ▸ 086 ブラインドストラクチャー / 5,000",CAJcRlRs2__winthebutton-086,テキスト,Win The Button
"Win The Button ▸ 087 ブラインドストラクチャー / 2,500 - 5,000",CAJcRlRs2__winthebutton-087,テキスト,Win The Button
Win The Button ▸ 088 ブラインドストラクチャー / 0:10,CAJcRlRs2__winthebutton-088,テキスト,Win The Button
Win The Button ▸ 089 ブラインドストラクチャー / 21:40 - 21:50,CAJcRlRs2__winthebutton-089,テキスト,Win The Button
Win The Button ▸ 090 ブラインドストラクチャー / 500 chips Remove,CAJcRlRs2__winthebutton-090,テキスト,Win The Button
Win The Button ▸ 091 ブラインドストラクチャー / 15,CAJcRlRs2__winthebutton-091,テキスト,Win The Button
"Win The Button ▸ 092 ブラインドストラクチャー / 6,000",CAJcRlRs2__winthebutton-092,テキスト,Win The Button
"Win The Button ▸ 093 ブラインドストラクチャー / 3,000 - 6,000",CAJcRlRs2__winthebutton-093,テキスト,Win The Button
Win The Button ▸ 094 ブラインドストラクチャー / 0:10,CAJcRlRs2__winthebutton-094,テキスト,Win The Button
Win The Button ▸ 095 ブラインドストラクチャー / 21:50 - 22:00,CAJcRlRs2__winthebutton-095,テキスト,Win The Button
Win The Button ▸ 096 ブラインドストラクチャー / 16,CAJcRlRs2__winthebutton-096,テキスト,Win The Button
"Win The Button ▸ 097 ブラインドストラクチャー / 8,000",CAJcRlRs2__winthebutton-097,テキスト,Win The Button
"Win The Button ▸ 098 ブラインドストラクチャー / 4,000 - 8,000",CAJcRlRs2__winthebutton-098,テキスト,Win The Button
Win The Button ▸ 099 ブラインドストラクチャー / 0:10,CAJcRlRs2__winthebutton-099,テキスト,Win The Button
Win The Button ▸ 100 ブラインドストラクチャー / 22:00 - 22:10,CAJcRlRs2__winthebutton-100,テキスト,Win The Button
Win The Button ▸ 101 ブラインドストラクチャー / 17,CAJcRlRs2__winthebutton-101,テキスト,Win The Button
"Win The Button ▸ 102 ブラインドストラクチャー / 10,000",CAJcRlRs2__winthebutton-102,テキスト,Win The Button
"Win The Button ▸ 103 ブラインドストラクチャー / 5,000 - 10,000",CAJcRlRs2__winthebutton-103,テキスト,Win The Button
Win The Button ▸ 104 ブラインドストラクチャー / 0:10,CAJcRlRs2__winthebutton-104,テキスト,Win The Button
Win The Button ▸ 105 ブラインドストラクチャー / 22:10 - 22:20,CAJcRlRs2__winthebutton-105,テキスト,Win The Button
Win The Button ▸ 106 ブラインドストラクチャー / 18,CAJcRlRs2__winthebutton-106,テキスト,Win The Button
"Win The Button ▸ 107 ブラインドストラクチャー / 12,000",CAJcRlRs2__winthebutton-107,テキスト,Win The Button
"Win The Button ▸ 108 ブラインドストラクチャー / 6,000 - 12,000",CAJcRlRs2__winthebutton-108,テキスト,Win The Button
Win The Button ▸ 109 ブラインドストラクチャー / 0:10,CAJcRlRs2__winthebutton-109,テキスト,Win The Button
Win The Button ▸ 110 ブラインドストラクチャー / 22:20 - 22:30,CAJcRlRs2__winthebutton-110,テキスト,Win The Button
Win The Button ▸ 111 ブラインドストラクチャー / 19,CAJcRlRs2__winthebutton-111,テキスト,Win The Button
"Win The Button ▸ 112 ブラインドストラクチャー / 15,000",CAJcRlRs2__winthebutton-112,テキスト,Win The Button
"Win The Button ▸ 113 ブラインドストラクチャー / 10,000 - 15,000",CAJcRlRs2__winthebutton-113,テキスト,Win The Button
Win The Button ▸ 114 ブラインドストラクチャー / 0:10,CAJcRlRs2__winthebutton-114,テキスト,Win The Button
Win The Button ▸ 115 ブラインドストラクチャー / 22:30 - 22:40,CAJcRlRs2__winthebutton-115,テキスト,Win The Button
Win The Button ▸ 116 ブラインドストラクチャー / 20,CAJcRlRs2__winthebutton-116,テキスト,Win The Button
"Win The Button ▸ 117 ブラインドストラクチャー / 20,000",CAJcRlRs2__winthebutton-117,テキスト,Win The Button
"Win The Button ▸ 118 ブラインドストラクチャー / 10,000 - 20,000",CAJcRlRs2__winthebutton-118,テキスト,Win The Button
Win The Button ▸ 119 ブラインドストラクチャー / 0:10,CAJcRlRs2__winthebutton-119,テキスト,Win The Button
Win The Button ▸ 120 ブラインドストラクチャー / 22:40 - 22:50,CAJcRlRs2__winthebutton-120,テキスト,Win The Button
Win The Button ▸ 121 ブラインドストラクチャー / 21,CAJcRlRs2__winthebutton-121,テキスト,Win The Button
"Win The Button ▸ 122 ブラインドストラクチャー / 25,000",CAJcRlRs2__winthebutton-122,テキスト,Win The Button
"Win The Button ▸ 123 ブラインドストラクチャー / 15,000 - 25,000",CAJcRlRs2__winthebutton-123,テキスト,Win The Button
Win The Button ▸ 124 ブラインドストラクチャー / 0:10,CAJcRlRs2__winthebutton-124,テキスト,Win The Button
Win The Button ▸ 125 ブラインドストラクチャー / 22:50 - 23:00,CAJcRlRs2__winthebutton-125,テキスト,Win The Button
Win The Button ▸ 126 ブラインドストラクチャー / 22,CAJcRlRs2__winthebutton-126,テキスト,Win The Button
"Win The Button ▸ 127 ブラインドストラクチャー / 30,000",CAJcRlRs2__winthebutton-127,テキスト,Win The Button
"Win The Button ▸ 128 ブラインドストラクチャー / 15,000 - 30,000",CAJcRlRs2__winthebutton-128,テキスト,Win The Button
Win The Button ▸ 129 ブラインドストラクチャー / 0:10,CAJcRlRs2__winthebutton-129,テキスト,Win The Button
Win The Button ▸ 130 ブラインドストラクチャー / 23:00 - 23:10,CAJcRlRs2__winthebutton-130,テキスト,Win The Button
Win The Button ▸ 131 プライズ（エントリー数別） / PRIZE,CAJcRlRs2__winthebutton-131,テキスト,Win The Button
Win The Button ▸ 132 プライズ（エントリー数別） / プライズ（エントリー数別）,CAJcRlRs2__winthebutton-132,テキスト,Win The Button
Win The Button ▸ 133 プライズ（エントリー数別） / エントリー数に応じてプライズ額・入賞人数が変動します…,CAJcRlRs2__winthebutton-133,テキスト,Win The Button
Win The Button ▸ 134 レギュレーション / REGULATION,CAJcRlRs2__winthebutton-134,テキスト,Win The Button
Win The Button ▸ 135 レギュレーション / レギュレーション,CAJcRlRs2__winthebutton-135,テキスト,Win The Button
Win The Button ▸ 136 レギュレーション / 本トーナメントはTDAルール2024に準拠して開催さ…,CAJcRlRs2__winthebutton-136,テキスト,Win The Button
Win The Button ▸ 137 レギュレーション / 本トーナメントにおける最終判断はTDに委ねられます。,CAJcRlRs2__winthebutton-137,テキスト,Win The Button
Win The Button ▸ 138 レギュレーション / 本トーナメントへの参加及びプライズの授与には”Pok…,CAJcRlRs2__winthebutton-138,テキスト,Win The Button
Win The Button ▸ 139 レギュレーション / 本トーナメントのプライズは営業終了時の付与となり、翌…,CAJcRlRs2__winthebutton-139,テキスト,Win The Button
Win The Button ▸ 140 レギュレーション / ストラクチャーはTDの権限で予告なく変更される場合が…,CAJcRlRs2__winthebutton-140,テキスト,Win The Button
Win The Button ▸ 141 レギュレーション / シートリドローはファイナルテーブルスタート時、及びT…,CAJcRlRs2__winthebutton-141,テキスト,Win The Button
Win The Button ▸ 142 Win The Button / ../../assets/img/pages/img_29_e0a16cbe.w…,CAJcRlRs2__winthebutton-142,画像,Win The Button
リングゲームのご案内 ▸ 001 リングゲームのご案内 / RING GAME,cashgame-infomation-001,テキスト,リングゲームのご案内
リングゲームのご案内 ▸ 002 リングゲームのご案内 / リングゲームのご案内,cashgame-infomation-002,テキスト,リングゲームのご案内
リングゲームのご案内 ▸ 003 リングゲームのご案内 / 気軽に遊べる王道のゲームスタイルです,cashgame-infomation-003,テキスト,リングゲームのご案内
リングゲームのご案内 ▸ 004 リングゲームとは？ / リングゲームとは？,cashgame-infomation-004,テキスト,リングゲームのご案内
リングゲームのご案内 ▸ 005 リングゲームとは？ / 好きな時間に参加・退席できる、カジュアルなゲームスタ…,cashgame-infomation-005,テキスト,リングゲームのご案内
リングゲームのご案内 ▸ 006 料金システム / FEE,cashgame-infomation-006,テキスト,リングゲームのご案内
リングゲームのご案内 ▸ 007 料金システム / 料金システム,cashgame-infomation-007,テキスト,リングゲームのご案内
"リングゲームのご案内 ▸ 008 料金システム / 勝ち続ければエントランスフィーの¥1,000とドリン…",cashgame-infomation-008,テキスト,リングゲームのご案内
"リングゲームのご案内 ▸ 009 料金システム / ¥1,000",cashgame-infomation-009,テキスト,リングゲームのご案内
リングゲームのご案内 ▸ 010 料金システム / ¥500,cashgame-infomation-010,テキスト,リングゲームのご案内
リングゲームのご案内 ▸ 011 料金システム / ◎トーナメント等その他ゲームにご参加の際にお支払いい…,cashgame-infomation-011,テキスト,リングゲームのご案内
リングゲームのご案内 ▸ 012 料金システム / チップ代：ゲーム終了時に残ったチップはお預け処理がで…,cashgame-infomation-012,テキスト,リングゲームのご案内
リングゲームのご案内 ▸ 013 料金システム / ◎原則、お預けの際に10%のコミッション（Y$による…,cashgame-infomation-013,テキスト,リングゲームのご案内
リングゲームのご案内 ▸ 014 ステークス一覧 / STAKES,cashgame-infomation-014,テキスト,リングゲームのご案内
リングゲームのご案内 ▸ 015 ステークス一覧 / ステークス一覧,cashgame-infomation-015,テキスト,リングゲームのご案内
リングゲームのご案内 ▸ 016 ステークス一覧 / ご自身のレベルやご予算にあわせてお好みのレートをお選…,cashgame-infomation-016,テキスト,リングゲームのご案内
リングゲームのご案内 ▸ 017 ステークス一覧 / 100NL,cashgame-infomation-017,テキスト,リングゲームのご案内
リングゲームのご案内 ▸ 018 ステークス一覧 / YORIMICHIでスタンダードなレートとしてご用意…,cashgame-infomation-018,テキスト,リングゲームのご案内
リングゲームのご案内 ▸ 019 ステークス一覧 / 200NL,cashgame-infomation-019,テキスト,リングゲームのご案内
リングゲームのご案内 ▸ 020 ステークス一覧 / ワンランク上のポーカーを楽しめるステークスです。プレ…,cashgame-infomation-020,テキスト,リングゲームのご案内
リングゲームのご案内 ▸ 021 ステークス一覧 / 500NL,cashgame-infomation-021,テキスト,リングゲームのご案内
リングゲームのご案内 ▸ 022 ステークス一覧 / YORIMICHIの上級ステークスです。経験豊富なプ…,cashgame-infomation-022,テキスト,リングゲームのご案内
ポーカールームYORIMICHI【お問い合わせ】 ▸ 001 お問い合わせ / CONTACT,contact-001,テキスト,ポーカールームYORIMICHI【お問い合わせ】
ポーカールームYORIMICHI【お問い合わせ】 ▸ 002 お問い合わせ / お問い合わせ,contact-002,テキスト,ポーカールームYORIMICHI【お問い合わせ】
ポーカールームYORIMICHI【お問い合わせ】 ▸ 003 お問い合わせ / 各種お問い合わせは公式LINEにて承っております。,contact-003,テキスト,ポーカールームYORIMICHI【お問い合わせ】
ポーカールームYORIMICHI【お問い合わせ】 ▸ 004 ポーカーデビュープランのご予約やその他ご質問など、お…,contact-004,テキスト,ポーカールームYORIMICHI【お問い合わせ】
ポーカールームYORIMICHI【お問い合わせ】 ▸ 005 お急ぎのお客様は下記のお電話にてご連絡ください。,contact-005,テキスト,ポーカールームYORIMICHI【お問い合わせ】
ポーカールームYORIMICHI【お問い合わせ】 ▸ 006 電話番号,contact-006,テキスト,ポーカールームYORIMICHI【お問い合わせ】
ポーカールームYORIMICHI【お問い合わせ】 ▸ 007 公式SNS / SNS,contact-007,テキスト,ポーカールームYORIMICHI【お問い合わせ】
ポーカールームYORIMICHI【お問い合わせ】 ▸ 008 公式SNS / 公式SNS,contact-008,テキスト,ポーカールームYORIMICHI【お問い合わせ】
エントリーフォーム ▸ 001 エントリー / ENTRY,entry-001,テキスト,エントリーフォーム
エントリーフォーム ▸ 002 エントリー / エントリー,entry-002,テキスト,エントリーフォーム
エントリーフォーム ▸ 003 エントリー / 求人のご応募はこちらから！,entry-003,テキスト,エントリーフォーム
エントリーフォーム ▸ 004 求人応募フォーム / 求人応募フォーム,entry-004,テキスト,エントリーフォーム
エントリーフォーム ▸ 005 求人応募フォーム / ご返信に最大3営業日ほどお時間をいただいております。…,entry-005,テキスト,エントリーフォーム
エントリーフォーム ▸ 006 経験がある方はディーラー歴と所属していた店舗もお書き…,entry-006,テキスト,エントリーフォーム
ポーカーデビュープラン ▸ 001 ポーカーデビュープランのご案内 / FOR BEGINNERS,for_beginner-001,テキスト,ポーカーデビュープラン
ポーカーデビュープラン ▸ 002 ポーカーデビュープランのご案内 / ポーカーデビュープランのご案内,for_beginner-002,テキスト,ポーカーデビュープラン
ポーカーデビュープラン ▸ 003 ポーカーデビュープランのご案内 / 今日からあなたもポーカープレイヤー♪,for_beginner-003,テキスト,ポーカーデビュープラン
ポーカーデビュープラン ▸ 004 未経験でも大丈夫！ / WELCOME,for_beginner-004,テキスト,ポーカーデビュープラン
ポーカーデビュープラン ▸ 005 未経験でも大丈夫！ / 未経験でも大丈夫！,for_beginner-005,テキスト,ポーカーデビュープラン
ポーカーデビュープラン ▸ 006 未経験でも大丈夫！ / 「初めてチップに触る」未経験者に選ばれるお店です。,for_beginner-006,テキスト,ポーカーデビュープラン
ポーカーデビュープラン ▸ 007 未経験でも大丈夫！ / YORIMICHIは日本で一番初心者のプレイヤーに愛…,for_beginner-007,テキスト,ポーカーデビュープラン
ポーカーデビュープラン ▸ 008 未経験でも大丈夫！ / そんな方に安心してライブポーカーを楽しんでもらいたい…,for_beginner-008,テキスト,ポーカーデビュープラン
ポーカーデビュープラン ▸ 009 未経験でも大丈夫！ / ※店内の状況によってはご案内できない場合もございます…,for_beginner-009,テキスト,ポーカーデビュープラン
"ポーカーデビュープラン ▸ 010 ¥3,000",for_beginner-010,テキスト,ポーカーデビュープラン
ポーカーデビュープラン ▸ 011 所要時間,for_beginner-011,テキスト,ポーカーデビュープラン
ポーカーデビュープラン ▸ 012 60〜90分,for_beginner-012,テキスト,ポーカーデビュープラン
ポーカーデビュープラン ▸ 013 ポーカーデビュープランの内容 / PLAN,for_beginner-013,テキスト,ポーカーデビュープラン
ポーカーデビュープラン ▸ 014 ポーカーデビュープランの内容 / ポーカーデビュープランの内容,for_beginner-014,テキスト,ポーカーデビュープラン
ポーカーデビュープラン ▸ 015 ポーカーデビュープランの内容 / 初心者の方が安心してデビューできる工夫が盛り沢山！,for_beginner-015,テキスト,ポーカーデビュープラン
ポーカーデビュープラン ▸ 016 ポーカーデビュープランの内容 / ルール・用語説明,for_beginner-016,テキスト,ポーカーデビュープラン
ポーカーデビュープラン ▸ 017 ポーカーデビュープランの内容 / ポーカーの役や、ゲームの進行、「レイズ」「コール」な…,for_beginner-017,テキスト,ポーカーデビュープラン
ポーカーデビュープラン ▸ 018 ポーカーデビュープランの内容 / 実践練習,for_beginner-018,テキスト,ポーカーデビュープラン
ポーカーデビュープラン ▸ 019 ポーカーデビュープランの内容 / 練習用のチップを使って実践練習！無くなっても無料で復…,for_beginner-019,テキスト,ポーカーデビュープラン
【4月】月間トーナメントランキング ▸ 001 【4月】月間トーナメントランキング / 2026/4/1 | トーナメントイベント,g9rZPguu2__tournamentranking_202604-001,テキスト,【4月】月間トーナメントランキング
【4月】月間トーナメントランキング ▸ 002 【4月】月間トーナメントランキング / 【4月】月間トーナメントランキング,g9rZPguu2__tournamentranking_202604-002,テキスト,【4月】月間トーナメントランキング
【4月】月間トーナメントランキング ▸ 003 【4月】月間トーナメントランキング / 4月のトーナメントランキングは以下の通りです。,g9rZPguu2__tournamentranking_202604-003,テキスト,【4月】月間トーナメントランキング
【4月】月間トーナメントランキング ▸ 004 【4月】月間トーナメントランキング / トーナメントランキング概要は こちら からご覧くださ…,g9rZPguu2__tournamentranking_202604-004,テキスト,【4月】月間トーナメントランキング
【4月】月間トーナメントランキング ▸ 005 【4月】月間トーナメントランキング / ../../assets/img/pages/img_41_b65e51ac.w…,g9rZPguu2__tournamentranking_202604-005,画像,【4月】月間トーナメントランキング
【5月】月間トーナメントランキング ▸ 001 【5月】月間トーナメントランキング / 2026/4/27 | トーナメントイベント,g9rZPguu2__tournamentranking_202605-001,テキスト,【5月】月間トーナメントランキング
【5月】月間トーナメントランキング ▸ 002 【5月】月間トーナメントランキング / 【5月】月間トーナメントランキング,g9rZPguu2__tournamentranking_202605-002,テキスト,【5月】月間トーナメントランキング
【5月】月間トーナメントランキング ▸ 003 【5月】月間トーナメントランキング / 5月のトーナメントランキングは以下の通りです。,g9rZPguu2__tournamentranking_202605-003,テキスト,【5月】月間トーナメントランキング
【5月】月間トーナメントランキング ▸ 004 【5月】月間トーナメントランキング / トーナメントランキング概要は こちら からご覧くださ…,g9rZPguu2__tournamentranking_202605-004,テキスト,【5月】月間トーナメントランキング
【5月】月間トーナメントランキング ▸ 005 【5月】月間トーナメントランキング / ../../assets/img/pages/img_47_6a3da244.w…,g9rZPguu2__tournamentranking_202605-005,画像,【5月】月間トーナメントランキング
【6月】月間トーナメントランキング ▸ 001 【6月】月間トーナメントランキング / 2026/5/20 | トーナメントイベント,g9rZPguu2__tournamentranking_202606-001,テキスト,【6月】月間トーナメントランキング
【6月】月間トーナメントランキング ▸ 002 【6月】月間トーナメントランキング / 【6月】月間トーナメントランキング,g9rZPguu2__tournamentranking_202606-002,テキスト,【6月】月間トーナメントランキング
【6月】月間トーナメントランキング ▸ 003 【6月】月間トーナメントランキング / 6月のトーナメントランキングは以下の通りです。,g9rZPguu2__tournamentranking_202606-003,テキスト,【6月】月間トーナメントランキング
【6月】月間トーナメントランキング ▸ 004 【6月】月間トーナメントランキング / トーナメントランキング概要は こちら からご覧くださ…,g9rZPguu2__tournamentranking_202606-004,テキスト,【6月】月間トーナメントランキング
【6月】月間トーナメントランキング ▸ 005 【6月】月間トーナメントランキング / ../../assets/img/pages/img_48_2e17905e.w…,g9rZPguu2__tournamentranking_202606-005,画像,【6月】月間トーナメントランキング
【4月始動】YORIMICHI 月間トーナメントランキング開催決定！ ▸ 001 【4月始動】YORIMICHI 月間トー / 2026/4/1 | トーナメントイベント,g9rZPguu2__tournamentranking_rules-001,テキスト,【4月始動】YORIMICHI 月間トーナメントランキング開催決定！
【4月始動】YORIMICHI 月間トーナメントランキング開催決定！ ▸ 002 【4月始動】YORIMICHI 月間トー / 【4月始動】YORIMICHI 月間トーナメントラン…,g9rZPguu2__tournamentranking_rules-002,テキスト,【4月始動】YORIMICHI 月間トーナメントランキング開催決定！
【4月始動】YORIMICHI 月間トーナメントランキング開催決定！ ▸ 003 【4月始動】YORIMICHI 月間トー / いつも当店をご利用いただき誠にありがとうございます！…,g9rZPguu2__tournamentranking_rules-003,テキスト,【4月始動】YORIMICHI 月間トーナメントランキング開催決定！
【4月始動】YORIMICHI 月間トーナメントランキング開催決定！ ▸ 004 【4月始動】YORIMICHI 月間トー / 日頃のトーナメントでの活躍がポイント化され、月間のト…,g9rZPguu2__tournamentranking_rules-004,テキスト,【4月始動】YORIMICHI 月間トーナメントランキング開催決定！
【4月始動】YORIMICHI 月間トーナメントランキング開催決定！ ▸ 005 【4月始動】YORIMICHI 月間トー / 1. 入賞ポイント（基礎点） 上位3名に入賞すること…,g9rZPguu2__tournamentranking_rules-005,テキスト,【4月始動】YORIMICHI 月間トーナメントランキング開催決定！
【4月始動】YORIMICHI 月間トーナメントランキング開催決定！ ▸ 006 【4月始動】YORIMICHI 月間トー / ※ E = 総エントリー数 ※フリーロール、hype…,g9rZPguu2__tournamentranking_rules-006,テキスト,【4月始動】YORIMICHI 月間トーナメントランキング開催決定！
【4月始動】YORIMICHI 月間トーナメントランキング開催決定！ ▸ 007 【4月始動】YORIMICHI 月間トー / 1位：E × 10pt 2位：E × 5pt 3位：…,g9rZPguu2__tournamentranking_rules-007,テキスト,【4月始動】YORIMICHI 月間トーナメントランキング開催決定！
"【4月始動】YORIMICHI 月間トーナメントランキング開催決定！ ▸ 008 【4月始動】YORIMICHI 月間トー / エントリー費 倍率 2,000円 1.0倍 3,00…",g9rZPguu2__tournamentranking_rules-008,テキスト,【4月始動】YORIMICHI 月間トーナメントランキング開催決定！
【4月始動】YORIMICHI 月間トーナメントランキング開催決定！ ▸ 009 【4月始動】YORIMICHI 月間トー / 【1位：マンスリー ・チャンピオン】 非売品YORI…,g9rZPguu2__tournamentranking_rules-009,テキスト,【4月始動】YORIMICHI 月間トーナメントランキング開催決定！
【4月始動】YORIMICHI 月間トーナメントランキング開催決定！ ▸ 010 【4月始動】YORIMICHI 月間トー / ※期間中の全トーナメントが対象となります（一部特別イ…,g9rZPguu2__tournamentranking_rules-010,テキスト,【4月始動】YORIMICHI 月間トーナメントランキング開催決定！
【4月始動】YORIMICHI 月間トーナメントランキング開催決定！ ▸ 011 【4月始動】YORIMICHI 月間トー / 4月ランキング速報ページ 現在の順位は以下のページよ…,g9rZPguu2__tournamentranking_rules-011,テキスト,【4月始動】YORIMICHI 月間トーナメントランキング開催決定！
【4月始動】YORIMICHI 月間トーナメントランキング開催決定！ ▸ 012 【4月始動】YORIMICHI 月間トー / トーナメントランキング（2026年4月分）は こちら…,g9rZPguu2__tournamentranking_rules-012,テキスト,【4月始動】YORIMICHI 月間トーナメントランキング開催決定！
【4月始動】YORIMICHI 月間トーナメントランキング開催決定！ ▸ 013 【4月始動】YORIMICHI 月間トーナメントランキング開催決定！ / ../../assets/img/pages/img_41_b65e51ac.w…,g9rZPguu2__tournamentranking_rules-013,画像,【4月始動】YORIMICHI 月間トーナメントランキング開催決定！
【iroha・Ryooona壮行】英語禁止！真の飲みぽを見せてやるぜトーナメント ▸ 001 【iroha・Ryooona壮行】英語禁 / 2025/12/7 | トーナメントイベント,g9rZPguu2__tourny_20251016-001,テキスト,【iroha・Ryooona壮行】英語禁止！真の飲みぽを見せてやるぜトーナメント
【iroha・Ryooona壮行】英語禁止！真の飲みぽを見せてやるぜトーナメント ▸ 002 【iroha・Ryooona壮行】英語禁 / 【iroha・Ryooona壮行】英語禁止！真の飲み…,g9rZPguu2__tourny_20251016-002,テキスト,【iroha・Ryooona壮行】英語禁止！真の飲みぽを見せてやるぜトーナメント
【iroha・Ryooona壮行】英語禁止！真の飲みぽを見せてやるぜトーナメント ▸ 003 【iroha・Ryooona壮行】英語禁 / 《Pick up！》 ◎トナメ 参加者全員 にウェル…,g9rZPguu2__tourny_20251016-003,テキスト,【iroha・Ryooona壮行】英語禁止！真の飲みぽを見せてやるぜトーナメント
"【iroha・Ryooona壮行】英語禁止！真の飲みぽを見せてやるぜトーナメント ▸ 004 【iroha・Ryooona壮行】英語禁 / ◎通常¥3,000の飛ぶまで飲み放題が 無料 でつき…",g9rZPguu2__tourny_20251016-004,テキスト,【iroha・Ryooona壮行】英語禁止！真の飲みぽを見せてやるぜトーナメント
【iroha・Ryooona壮行】英語禁止！真の飲みぽを見せてやるぜトーナメント ▸ 005 【iroha・Ryooona壮行】英語禁 / ◎ 早期着席特典 として、17:30までの着席でFl…,g9rZPguu2__tourny_20251016-005,テキスト,【iroha・Ryooona壮行】英語禁止！真の飲みぽを見せてやるぜトーナメント
【iroha・Ryooona壮行】英語禁止！真の飲みぽを見せてやるぜトーナメント ▸ 006 【iroha・Ryooona壮行】英語禁 / ◎Ryooonaもプレイヤーで参加します！ （iro…,g9rZPguu2__tourny_20251016-006,テキスト,【iroha・Ryooona壮行】英語禁止！真の飲みぽを見せてやるぜトーナメント
【iroha・Ryooona壮行】英語禁止！真の飲みぽを見せてやるぜトーナメント ▸ 007 【iroha・Ryooona壮行】英語禁 / 《ルール１》 ゲーム参加中、英語だけでなく外来語を喋…,g9rZPguu2__tourny_20251016-007,テキスト,【iroha・Ryooona壮行】英語禁止！真の飲みぽを見せてやるぜトーナメント
【iroha・Ryooona壮行】英語禁止！真の飲みぽを見せてやるぜトーナメント ▸ 008 【iroha・Ryooona壮行】英語禁 / --------------------------…,g9rZPguu2__tourny_20251016-008,テキスト,【iroha・Ryooona壮行】英語禁止！真の飲みぽを見せてやるぜトーナメント
【iroha・Ryooona壮行】英語禁止！真の飲みぽを見せてやるぜトーナメント ▸ 009 【iroha・Ryooona壮行】英語禁 / 《ルール２》 あまりにも無言だと周りのプレイヤーの過…,g9rZPguu2__tourny_20251016-009,テキスト,【iroha・Ryooona壮行】英語禁止！真の飲みぽを見せてやるぜトーナメント
【iroha・Ryooona壮行】英語禁止！真の飲みぽを見せてやるぜトーナメント ▸ 010 【iroha・Ryooona壮行】英語禁 / 《ルール３》 ブラインドアップするごとに最初のハンド…,g9rZPguu2__tourny_20251016-010,テキスト,【iroha・Ryooona壮行】英語禁止！真の飲みぽを見せてやるぜトーナメント
【iroha・Ryooona壮行】英語禁止！真の飲みぽを見せてやるぜトーナメント ▸ 011 【iroha・Ryooona壮行】英語禁 / ◎ POT獲得者は好きな人にプレゼントできます♪（自…,g9rZPguu2__tourny_20251016-011,テキスト,【iroha・Ryooona壮行】英語禁止！真の飲みぽを見せてやるぜトーナメント
【iroha・Ryooona壮行】英語禁止！真の飲みぽを見せてやるぜトーナメント ▸ 012 【iroha・Ryooona壮行】英語禁 / 《ルール４》 みなさんの飲み物はirohaが作りたい…,g9rZPguu2__tourny_20251016-012,テキスト,【iroha・Ryooona壮行】英語禁止！真の飲みぽを見せてやるぜトーナメント
【iroha・Ryooona壮行】英語禁止！真の飲みぽを見せてやるぜトーナメント ▸ 013 【iroha・Ryooona壮行】英語禁 / ◎ 当日はRyooonaも本気で参加します♪ ぜひバ…,g9rZPguu2__tourny_20251016-013,テキスト,【iroha・Ryooona壮行】英語禁止！真の飲みぽを見せてやるぜトーナメント
【iroha・Ryooona壮行】英語禁止！真の飲みぽを見せてやるぜトーナメント ▸ 014 【iroha・Ryooona壮行】英語禁 / ・本トーナメントはTDAルール2024に準拠して開催…,g9rZPguu2__tourny_20251016-014,テキスト,【iroha・Ryooona壮行】英語禁止！真の飲みぽを見せてやるぜトーナメント
【iroha・Ryooona壮行】英語禁止！真の飲みぽを見せてやるぜトーナメント ▸ 015 【iroha・Ryooona壮行】英語禁 / ・本トーナメントは 【Bランク】 トーナメントです。…,g9rZPguu2__tourny_20251016-015,テキスト,【iroha・Ryooona壮行】英語禁止！真の飲みぽを見せてやるぜトーナメント
【iroha・Ryooona壮行】英語禁止！真の飲みぽを見せてやるぜトーナメント ▸ 016 【iroha・Ryooona壮行】英語禁 / ・本トーナメントにおける最終判断はTDに委ねられます…,g9rZPguu2__tourny_20251016-016,テキスト,【iroha・Ryooona壮行】英語禁止！真の飲みぽを見せてやるぜトーナメント
【iroha・Ryooona壮行】英語禁止！真の飲みぽを見せてやるぜトーナメント ▸ 017 【iroha・Ryooona壮行】英語禁 / ・本トーナメントへの参加及びプライズの授与には”Po…,g9rZPguu2__tourny_20251016-017,テキスト,【iroha・Ryooona壮行】英語禁止！真の飲みぽを見せてやるぜトーナメント
【iroha・Ryooona壮行】英語禁止！真の飲みぽを見せてやるぜトーナメント ▸ 018 【iroha・Ryooona壮行】英語禁 / ・本トーナメントのプライズは営業終了時の付与となり、…,g9rZPguu2__tourny_20251016-018,テキスト,【iroha・Ryooona壮行】英語禁止！真の飲みぽを見せてやるぜトーナメント
【iroha・Ryooona壮行】英語禁止！真の飲みぽを見せてやるぜトーナメント ▸ 019 【iroha・Ryooona壮行】英語禁 / ・ストラクチャーはTDの権限で予告なく変更される場合…,g9rZPguu2__tourny_20251016-019,テキスト,【iroha・Ryooona壮行】英語禁止！真の飲みぽを見せてやるぜトーナメント
【iroha・Ryooona壮行】英語禁止！真の飲みぽを見せてやるぜトーナメント ▸ 020 【iroha・Ryooona壮行】英語禁 / ・シートリドローはファイナルテーブルスタート時、及び…,g9rZPguu2__tourny_20251016-020,テキスト,【iroha・Ryooona壮行】英語禁止！真の飲みぽを見せてやるぜトーナメント
【iroha・Ryooona壮行】英語禁止！真の飲みぽを見せてやるぜトーナメント ▸ 021 【iroha・Ryooona壮行】英語禁 / ・ファイナルテーブルは9-Handedでスタートしま…,g9rZPguu2__tourny_20251016-021,テキスト,【iroha・Ryooona壮行】英語禁止！真の飲みぽを見せてやるぜトーナメント
【iroha・Ryooona壮行】英語禁止！真の飲みぽを見せてやるぜトーナメント ▸ 022 【iroha・Ryooona壮行】英語禁止！真の飲みぽを見せてやるぜトーナメント / ../../assets/img/pages/img_00_3560f485.w…,g9rZPguu2__tourny_20251016-022,画像,【iroha・Ryooona壮行】英語禁止！真の飲みぽを見せてやるぜトーナメント
Xmas Special Tournament #01 Mystery Bounty ▸ 001 Xmas Special Tournam / 2025/12/11 | トーナメントイベント,g9rZPguu2__tourny_20251219-001,テキスト,Xmas Special Tournament #01 Mystery Bounty
Xmas Special Tournament #01 Mystery Bounty ▸ 002 Xmas Special Tournam / Xmas Special Tournament #0…,g9rZPguu2__tourny_20251219-002,テキスト,Xmas Special Tournament #01 Mystery Bounty
Xmas Special Tournament #01 Mystery Bounty ▸ 003 Xmas Special Tournam / 《クリスマス特別トーナメント 1日目》,g9rZPguu2__tourny_20251219-003,テキスト,Xmas Special Tournament #01 Mystery Bounty
Xmas Special Tournament #01 Mystery Bounty ▸ 004 Xmas Special Tournam / 【ミステリーバウンティとは？】 他のプレイやーを1人…,g9rZPguu2__tourny_20251219-004,テキスト,Xmas Special Tournament #01 Mystery Bounty
Xmas Special Tournament #01 Mystery Bounty ▸ 005 Xmas Special Tournam / ・8枚ご用意しています♪ ・本トーナメントはTDAル…,g9rZPguu2__tourny_20251219-005,テキスト,Xmas Special Tournament #01 Mystery Bounty
Xmas Special Tournament #01 Mystery Bounty ▸ 006 Xmas Special Tournam / ・本トーナメントは 【Cランク】 トーナメントです。…,g9rZPguu2__tourny_20251219-006,テキスト,Xmas Special Tournament #01 Mystery Bounty
Xmas Special Tournament #01 Mystery Bounty ▸ 007 Xmas Special Tournam / ・本トーナメントにおける最終判断はTDに委ねられます…,g9rZPguu2__tourny_20251219-007,テキスト,Xmas Special Tournament #01 Mystery Bounty
Xmas Special Tournament #01 Mystery Bounty ▸ 008 Xmas Special Tournam / ・本トーナメントへの参加及びプライズの授与には”Po…,g9rZPguu2__tourny_20251219-008,テキスト,Xmas Special Tournament #01 Mystery Bounty
Xmas Special Tournament #01 Mystery Bounty ▸ 009 Xmas Special Tournam / ・本トーナメントのプライズは営業終了時の付与となり、…,g9rZPguu2__tourny_20251219-009,テキスト,Xmas Special Tournament #01 Mystery Bounty
Xmas Special Tournament #01 Mystery Bounty ▸ 010 Xmas Special Tournam / ・ストラクチャーはTDの権限で予告なく変更される場合…,g9rZPguu2__tourny_20251219-010,テキスト,Xmas Special Tournament #01 Mystery Bounty
Xmas Special Tournament #01 Mystery Bounty ▸ 011 Xmas Special Tournam / ・シートリドローはファイナルテーブルスタート時、及び…,g9rZPguu2__tourny_20251219-011,テキスト,Xmas Special Tournament #01 Mystery Bounty
Xmas Special Tournament #01 Mystery Bounty ▸ 012 Xmas Special Tournam / ・ファイナルテーブルは9-Handedでスタートしま…,g9rZPguu2__tourny_20251219-012,テキスト,Xmas Special Tournament #01 Mystery Bounty
Xmas Special Tournament #01 Mystery Bounty ▸ 013 Xmas Special Tournament #01 Mystery Bounty / ../../assets/img/pages/img_04_66d5aeff.w…,g9rZPguu2__tourny_20251219-013,画像,Xmas Special Tournament #01 Mystery Bounty
Xmas Special Tournament #02 Tag Team -shot clock- ▸ 001 Xmas Special Tournam / 2025/12/19 | トーナメントイベント,g9rZPguu2__tourny_20251220-001,テキスト,Xmas Special Tournament #02 Tag Team -shot clock-
Xmas Special Tournament #02 Tag Team -shot clock- ▸ 002 Xmas Special Tournam / Xmas Special Tournament #0…,g9rZPguu2__tourny_20251220-002,テキスト,Xmas Special Tournament #02 Tag Team -shot clock-
Xmas Special Tournament #02 Tag Team -shot clock- ▸ 003 Xmas Special Tournam / 【5-Handed】 《クリスマス特別トーナメント …,g9rZPguu2__tourny_20251220-003,テキスト,Xmas Special Tournament #02 Tag Team -shot clock-
Xmas Special Tournament #02 Tag Team -shot clock- ▸ 004 Xmas Special Tournam / 【タッグトーナメントとは？】 2人1組でエントリーす…,g9rZPguu2__tourny_20251220-004,テキスト,Xmas Special Tournament #02 Tag Team -shot clock-
Xmas Special Tournament #02 Tag Team -shot clock- ▸ 005 Xmas Special Tournam / レギュレーションはハウスによって様々ですが、今回はい…,g9rZPguu2__tourny_20251220-005,テキスト,Xmas Special Tournament #02 Tag Team -shot clock-
Xmas Special Tournament #02 Tag Team -shot clock- ▸ 006 Xmas Special Tournam / 【ショットクロックとは？】 1アクションごとに制限時…,g9rZPguu2__tourny_20251220-006,テキスト,Xmas Special Tournament #02 Tag Team -shot clock-
Xmas Special Tournament #02 Tag Team -shot clock- ▸ 007 Xmas Special Tournam / 今回はエントリー時に2枚、FT進出時に1枚、それぞれ…,g9rZPguu2__tourny_20251220-007,テキスト,Xmas Special Tournament #02 Tag Team -shot clock-
"Xmas Special Tournament #02 Tag Team -shot clock- ▸ 008 Xmas Special Tournam / 【特典】 ①トーナメント参加者は+¥1,000で飛ぶ…",g9rZPguu2__tourny_20251220-008,テキスト,Xmas Special Tournament #02 Tag Team -shot clock-
Xmas Special Tournament #02 Tag Team -shot clock- ▸ 009 Xmas Special Tournam / ◎） ※②と③の割引の併用は不可 【特別ルール】 ★…,g9rZPguu2__tourny_20251220-009,テキスト,Xmas Special Tournament #02 Tag Team -shot clock-
Xmas Special Tournament #02 Tag Team -shot clock- ▸ 010 Xmas Special Tournam / ・②FT進出時に1枚付与します。 ※受領するプライズ…,g9rZPguu2__tourny_20251220-010,テキスト,Xmas Special Tournament #02 Tag Team -shot clock-
Xmas Special Tournament #02 Tag Team -shot clock- ▸ 011 Xmas Special Tournam / ・本トーナメントはTDAルール2024に準拠して開催…,g9rZPguu2__tourny_20251220-011,テキスト,Xmas Special Tournament #02 Tag Team -shot clock-
Xmas Special Tournament #02 Tag Team -shot clock- ▸ 012 Xmas Special Tournam / ・本トーナメントは 【Cランク】 トーナメントです。…,g9rZPguu2__tourny_20251220-012,テキスト,Xmas Special Tournament #02 Tag Team -shot clock-
Xmas Special Tournament #02 Tag Team -shot clock- ▸ 013 Xmas Special Tournam / ・本トーナメントにおける最終判断はTDに委ねられます…,g9rZPguu2__tourny_20251220-013,テキスト,Xmas Special Tournament #02 Tag Team -shot clock-
Xmas Special Tournament #02 Tag Team -shot clock- ▸ 014 Xmas Special Tournam / ・本トーナメントへの参加及びプライズの授与には”Po…,g9rZPguu2__tourny_20251220-014,テキスト,Xmas Special Tournament #02 Tag Team -shot clock-
Xmas Special Tournament #02 Tag Team -shot clock- ▸ 015 Xmas Special Tournam / ・本トーナメントのプライズは営業終了時の付与となり、…,g9rZPguu2__tourny_20251220-015,テキスト,Xmas Special Tournament #02 Tag Team -shot clock-
Xmas Special Tournament #02 Tag Team -shot clock- ▸ 016 Xmas Special Tournam / ・ストラクチャーはTDの権限で予告なく変更される場合…,g9rZPguu2__tourny_20251220-016,テキスト,Xmas Special Tournament #02 Tag Team -shot clock-
Xmas Special Tournament #02 Tag Team -shot clock- ▸ 017 Xmas Special Tournam / ・シートリドローはファイナルテーブルスタート時、及び…,g9rZPguu2__tourny_20251220-017,テキスト,Xmas Special Tournament #02 Tag Team -shot clock-
Xmas Special Tournament #02 Tag Team -shot clock- ▸ 018 Xmas Special Tournam / ・ファイナルテーブルは5-Handedでスタートしま…,g9rZPguu2__tourny_20251220-018,テキスト,Xmas Special Tournament #02 Tag Team -shot clock-
Xmas Special Tournament #02 Tag Team -shot clock- ▸ 019 Xmas Special Tournament #02 Tag Team -shot clock- / ../../assets/img/pages/img_06_f66ef5f0.w…,g9rZPguu2__tourny_20251220-019,画像,Xmas Special Tournament #02 Tag Team -shot clock-
YORIMICHI Last Battle 2025 #01 Main Event ▸ 001 YORIMICHI Last Battl / 2025/12/24 | トーナメントイベント,g9rZPguu2__tourny_20251227-001,テキスト,YORIMICHI Last Battle 2025 #01 Main Event
YORIMICHI Last Battle 2025 #01 Main Event ▸ 002 YORIMICHI Last Battl / YORIMICHI Last Battle 2025…,g9rZPguu2__tourny_20251227-002,テキスト,YORIMICHI Last Battle 2025 #01 Main Event
YORIMICHI Last Battle 2025 #01 Main Event ▸ 003 YORIMICHI Last Battl / YORIMICHI Last Battle 2025…,g9rZPguu2__tourny_20251227-003,テキスト,YORIMICHI Last Battle 2025 #01 Main Event
YORIMICHI Last Battle 2025 #01 Main Event ▸ 004 YORIMICHI Last Battl / 年末のタイトルにふさわしく、洗練されたストラクチャー…,g9rZPguu2__tourny_20251227-004,テキスト,YORIMICHI Last Battle 2025 #01 Main Event
YORIMICHI Last Battle 2025 #01 Main Event ▸ 005 YORIMICHI Last Battl / YORIMICHIの2025年最強プレイヤーの称号は…,g9rZPguu2__tourny_20251227-005,テキスト,YORIMICHI Last Battle 2025 #01 Main Event
YORIMICHI Last Battle 2025 #01 Main Event ▸ 006 YORIMICHI Last Battl / ※Add onはエントリー時のみ可能で、トーナメント…,g9rZPguu2__tourny_20251227-006,テキスト,YORIMICHI Last Battle 2025 #01 Main Event
YORIMICHI Last Battle 2025 #01 Main Event ▸ 007 YORIMICHI Last Battl / ※複数権利所持している場合は1度に使わず、Re-En…,g9rZPguu2__tourny_20251227-007,テキスト,YORIMICHI Last Battle 2025 #01 Main Event
YORIMICHI Last Battle 2025 #01 Main Event ▸ 008 YORIMICHI Last Battl / 期間中に開催される、 【Cランク以上のすべてのトーナ…,g9rZPguu2__tourny_20251227-008,テキスト,YORIMICHI Last Battle 2025 #01 Main Event
YORIMICHI Last Battle 2025 #01 Main Event ▸ 009 YORIMICHI Last Battl / 予選通過者一覧は こちら ・本トーナメントはTDAル…,g9rZPguu2__tourny_20251227-009,テキスト,YORIMICHI Last Battle 2025 #01 Main Event
YORIMICHI Last Battle 2025 #01 Main Event ▸ 010 YORIMICHI Last Battl / ・本トーナメントは 【Aランク】 トーナメントです。…,g9rZPguu2__tourny_20251227-010,テキスト,YORIMICHI Last Battle 2025 #01 Main Event
YORIMICHI Last Battle 2025 #01 Main Event ▸ 011 YORIMICHI Last Battl / ・本トーナメントにおける最終判断はTDに委ねられます…,g9rZPguu2__tourny_20251227-011,テキスト,YORIMICHI Last Battle 2025 #01 Main Event
YORIMICHI Last Battle 2025 #01 Main Event ▸ 012 YORIMICHI Last Battl / ・本トーナメントへの参加及びプライズの授与には”Po…,g9rZPguu2__tourny_20251227-012,テキスト,YORIMICHI Last Battle 2025 #01 Main Event
YORIMICHI Last Battle 2025 #01 Main Event ▸ 013 YORIMICHI Last Battl / ・本トーナメントのプライズは営業終了時の付与となり、…,g9rZPguu2__tourny_20251227-013,テキスト,YORIMICHI Last Battle 2025 #01 Main Event
YORIMICHI Last Battle 2025 #01 Main Event ▸ 014 YORIMICHI Last Battl / ・ストラクチャーはTDの権限で予告なく変更される場合…,g9rZPguu2__tourny_20251227-014,テキスト,YORIMICHI Last Battle 2025 #01 Main Event
YORIMICHI Last Battle 2025 #01 Main Event ▸ 015 YORIMICHI Last Battl / ・シートリドローはファイナルテーブルスタート時、及び…,g9rZPguu2__tourny_20251227-015,テキスト,YORIMICHI Last Battle 2025 #01 Main Event
YORIMICHI Last Battle 2025 #01 Main Event ▸ 016 YORIMICHI Last Battl / ・ファイナルテーブルは9-Handedでスタートしま…,g9rZPguu2__tourny_20251227-016,テキスト,YORIMICHI Last Battle 2025 #01 Main Event
YORIMICHI Last Battle 2025 #01 Main Event ▸ 017 YORIMICHI Last Battle 2025 #01 Main Event / ../../assets/img/pages/img_01_5f2f32c4.w…,g9rZPguu2__tourny_20251227-017,画像,YORIMICHI Last Battle 2025 #01 Main Event
YORIMICHI Last Battle 2025 #02 Megastack ▸ 001 YORIMICHI Last Battl / 2025/12/24 | トーナメントイベント,g9rZPguu2__tourny_20251228-001,テキスト,YORIMICHI Last Battle 2025 #02 Megastack
YORIMICHI Last Battle 2025 #02 Megastack ▸ 002 YORIMICHI Last Battl / YORIMICHI Last Battle 2025…,g9rZPguu2__tourny_20251228-002,テキスト,YORIMICHI Last Battle 2025 #02 Megastack
YORIMICHI Last Battle 2025 #02 Megastack ▸ 003 YORIMICHI Last Battl / YORIMICHI Last Battle 2025…,g9rZPguu2__tourny_20251228-003,テキスト,YORIMICHI Last Battle 2025 #02 Megastack
YORIMICHI Last Battle 2025 #02 Megastack ▸ 004 YORIMICHI Last Battl / 年末のタイトルにふさわしく、洗練されたストラクチャー…,g9rZPguu2__tourny_20251228-004,テキスト,YORIMICHI Last Battle 2025 #02 Megastack
YORIMICHI Last Battle 2025 #02 Megastack ▸ 005 YORIMICHI Last Battl / YORIMICHIの2025年最強プレイヤーの称号は…,g9rZPguu2__tourny_20251228-005,テキスト,YORIMICHI Last Battle 2025 #02 Megastack
YORIMICHI Last Battle 2025 #02 Megastack ▸ 006 YORIMICHI Last Battl / ※複数権利所持している場合はRe-Entryに使用す…,g9rZPguu2__tourny_20251228-006,テキスト,YORIMICHI Last Battle 2025 #02 Megastack
YORIMICHI Last Battle 2025 #02 Megastack ▸ 007 YORIMICHI Last Battl / 期間中に開催される、 【Cランク以上のすべてのトーナ…,g9rZPguu2__tourny_20251228-007,テキスト,YORIMICHI Last Battle 2025 #02 Megastack
YORIMICHI Last Battle 2025 #02 Megastack ▸ 008 YORIMICHI Last Battl / 予選通過者一覧は こちら ・本トーナメントはTDAル…,g9rZPguu2__tourny_20251228-008,テキスト,YORIMICHI Last Battle 2025 #02 Megastack
YORIMICHI Last Battle 2025 #02 Megastack ▸ 009 YORIMICHI Last Battl / ・本トーナメントは 【Bランク】 トーナメントです。…,g9rZPguu2__tourny_20251228-009,テキスト,YORIMICHI Last Battle 2025 #02 Megastack
YORIMICHI Last Battle 2025 #02 Megastack ▸ 010 YORIMICHI Last Battl / ・本トーナメントにおける最終判断はTDに委ねられます…,g9rZPguu2__tourny_20251228-010,テキスト,YORIMICHI Last Battle 2025 #02 Megastack
YORIMICHI Last Battle 2025 #02 Megastack ▸ 011 YORIMICHI Last Battl / ・本トーナメントへの参加及びプライズの授与には”Po…,g9rZPguu2__tourny_20251228-011,テキスト,YORIMICHI Last Battle 2025 #02 Megastack
YORIMICHI Last Battle 2025 #02 Megastack ▸ 012 YORIMICHI Last Battl / ・本トーナメントのプライズは営業終了時の付与となり、…,g9rZPguu2__tourny_20251228-012,テキスト,YORIMICHI Last Battle 2025 #02 Megastack
YORIMICHI Last Battle 2025 #02 Megastack ▸ 013 YORIMICHI Last Battl / ・ストラクチャーはTDの権限で予告なく変更される場合…,g9rZPguu2__tourny_20251228-013,テキスト,YORIMICHI Last Battle 2025 #02 Megastack
YORIMICHI Last Battle 2025 #02 Megastack ▸ 014 YORIMICHI Last Battl / ・シートリドローはファイナルテーブルスタート時、及び…,g9rZPguu2__tourny_20251228-014,テキスト,YORIMICHI Last Battle 2025 #02 Megastack
YORIMICHI Last Battle 2025 #02 Megastack ▸ 015 YORIMICHI Last Battl / ・ファイナルテーブルは9-Handedでスタートしま…,g9rZPguu2__tourny_20251228-015,テキスト,YORIMICHI Last Battle 2025 #02 Megastack
YORIMICHI Last Battle 2025 #02 Megastack ▸ 016 YORIMICHI Last Battle 2025 #02 Megastack / ../../assets/img/pages/img_03_1953c5b3.w…,g9rZPguu2__tourny_20251228-016,画像,YORIMICHI Last Battle 2025 #02 Megastack
【龍星Birthday】 Bomb Pot -crazy 8's- ▸ 001 【龍星Birthday】 Bomb Po / 2026/1/22 | トーナメントイベント,g9rZPguu2__tourny_20260130-001,テキスト,【龍星Birthday】 Bomb Pot -crazy 8's-
【龍星Birthday】 Bomb Pot -crazy 8's- ▸ 002 【龍星Birthday】 Bomb Po / 【龍星Birthday】 Bomb Pot -cra…,g9rZPguu2__tourny_20260130-002,テキスト,【龍星Birthday】 Bomb Pot -crazy 8's-
【龍星Birthday】 Bomb Pot -crazy 8's- ▸ 003 【龍星Birthday】 Bomb Po / 1/30(金)当日 に26歳の誕生日を迎える龍星のバ…,g9rZPguu2__tourny_20260130-003,テキスト,【龍星Birthday】 Bomb Pot -crazy 8's-
【龍星Birthday】 Bomb Pot -crazy 8's- ▸ 004 【龍星Birthday】 Bomb Po / また、龍星の誕生日を記念して、龍星がお店で焼いた た…,g9rZPguu2__tourny_20260130-004,テキスト,【龍星Birthday】 Bomb Pot -crazy 8's-
【龍星Birthday】 Bomb Pot -crazy 8's- ▸ 005 【龍星Birthday】 Bomb Po / 《特別ルール》 ①Bomb Pot：ブラインドアップ…,g9rZPguu2__tourny_20260130-005,テキスト,【龍星Birthday】 Bomb Pot -crazy 8's-
【龍星Birthday】 Bomb Pot -crazy 8's- ▸ 006 【龍星Birthday】 Bomb Po / ③トーナメントの進行は9-Max、FTは8名からにな…,g9rZPguu2__tourny_20260130-006,テキスト,【龍星Birthday】 Bomb Pot -crazy 8's-
【龍星Birthday】 Bomb Pot -crazy 8's- ▸ 007 【龍星Birthday】 Bomb Po / 《特典》 ★アーリーバード特典：開始時までのエントリ…,g9rZPguu2__tourny_20260130-007,テキスト,【龍星Birthday】 Bomb Pot -crazy 8's-
【龍星Birthday】 Bomb Pot -crazy 8's- ▸ 008 【龍星Birthday】 Bomb Po / ・本トーナメントはTDAルール2024に準拠して開催…,g9rZPguu2__tourny_20260130-008,テキスト,【龍星Birthday】 Bomb Pot -crazy 8's-
【龍星Birthday】 Bomb Pot -crazy 8's- ▸ 009 【龍星Birthday】 Bomb Po / ・本トーナメントは 龍星を心からお祝いしたい方 はど…,g9rZPguu2__tourny_20260130-009,テキスト,【龍星Birthday】 Bomb Pot -crazy 8's-
【龍星Birthday】 Bomb Pot -crazy 8's- ▸ 010 【龍星Birthday】 Bomb Po / ・本トーナメントは 【Cランク】 トーナメントです。…,g9rZPguu2__tourny_20260130-010,テキスト,【龍星Birthday】 Bomb Pot -crazy 8's-
【龍星Birthday】 Bomb Pot -crazy 8's- ▸ 011 【龍星Birthday】 Bomb Po / ・本トーナメントにおける最終判断はTDに委ねられます…,g9rZPguu2__tourny_20260130-011,テキスト,【龍星Birthday】 Bomb Pot -crazy 8's-
【龍星Birthday】 Bomb Pot -crazy 8's- ▸ 012 【龍星Birthday】 Bomb Po / ・本トーナメントへの参加及びプライズの授与には”Po…,g9rZPguu2__tourny_20260130-012,テキスト,【龍星Birthday】 Bomb Pot -crazy 8's-
【龍星Birthday】 Bomb Pot -crazy 8's- ▸ 013 【龍星Birthday】 Bomb Po / ・本トーナメントのプライズは営業終了時の付与となり、…,g9rZPguu2__tourny_20260130-013,テキスト,【龍星Birthday】 Bomb Pot -crazy 8's-
【龍星Birthday】 Bomb Pot -crazy 8's- ▸ 014 【龍星Birthday】 Bomb Po / ・ストラクチャーはTDの権限で予告なく変更される場合…,g9rZPguu2__tourny_20260130-014,テキスト,【龍星Birthday】 Bomb Pot -crazy 8's-
【龍星Birthday】 Bomb Pot -crazy 8's- ▸ 015 【龍星Birthday】 Bomb Po / ・シートリドローはファイナルテーブルスタート時、及び…,g9rZPguu2__tourny_20260130-015,テキスト,【龍星Birthday】 Bomb Pot -crazy 8's-
【龍星Birthday】 Bomb Pot -crazy 8's- ▸ 016 【龍星Birthday】 Bomb Po / ・ファイナルテーブル9-Handedでスタートします…,g9rZPguu2__tourny_20260130-016,テキスト,【龍星Birthday】 Bomb Pot -crazy 8's-
【龍星Birthday】 Bomb Pot -crazy 8's- ▸ 017 【龍星Birthday】 Bomb Pot -crazy 8's- / ../../assets/img/pages/img_36_76ee019c.w…,g9rZPguu2__tourny_20260130-017,画像,【龍星Birthday】 Bomb Pot -crazy 8's-
【番長卒業】Lucky 7ポットバトル ▸ 001 【番長卒業】Lucky 7ポットバトル / 2026/2/13 | トーナメントイベント,g9rZPguu2__tourny_20260214-001,テキスト,【番長卒業】Lucky 7ポットバトル
【番長卒業】Lucky 7ポットバトル ▸ 002 【番長卒業】Lucky 7ポットバトル / 【番長卒業】Lucky 7ポットバトル,g9rZPguu2__tourny_20260214-002,テキスト,【番長卒業】Lucky 7ポットバトル
【番長卒業】Lucky 7ポットバトル ▸ 003 【番長卒業】Lucky 7ポットバトル / 2/14(土)当日 に卒業を迎える番長の卒業トーナメ…,g9rZPguu2__tourny_20260214-003,テキスト,【番長卒業】Lucky 7ポットバトル
【番長卒業】Lucky 7ポットバトル ▸ 004 【番長卒業】Lucky 7ポットバトル / ◎ K.O Bounty形式のトーナメントで、プレイ…,g9rZPguu2__tourny_20260214-004,テキスト,【番長卒業】Lucky 7ポットバトル
【番長卒業】Lucky 7ポットバトル ▸ 005 【番長卒業】Lucky 7ポットバトル / ✨ 3~5E 6~10E 11~15E 16〜20E…,g9rZPguu2__tourny_20260214-005,テキスト,【番長卒業】Lucky 7ポットバトル
【番長卒業】Lucky 7ポットバトル ▸ 006 【番長卒業】Lucky 7ポットバトル / ・本トーナメントはTDAルール2024に準拠して開催…,g9rZPguu2__tourny_20260214-006,テキスト,【番長卒業】Lucky 7ポットバトル
【番長卒業】Lucky 7ポットバトル ▸ 007 【番長卒業】Lucky 7ポットバトル / ・本トーナメントは 番長の卒業を祝いたい方 はどなた…,g9rZPguu2__tourny_20260214-007,テキスト,【番長卒業】Lucky 7ポットバトル
【番長卒業】Lucky 7ポットバトル ▸ 008 【番長卒業】Lucky 7ポットバトル / ・本トーナメントは 【Cランク】 トーナメントです。…,g9rZPguu2__tourny_20260214-008,テキスト,【番長卒業】Lucky 7ポットバトル
【番長卒業】Lucky 7ポットバトル ▸ 009 【番長卒業】Lucky 7ポットバトル / ・本トーナメントにおける最終判断はTDに委ねられます…,g9rZPguu2__tourny_20260214-009,テキスト,【番長卒業】Lucky 7ポットバトル
【番長卒業】Lucky 7ポットバトル ▸ 010 【番長卒業】Lucky 7ポットバトル / ・本トーナメントへの参加及びプライズの授与には”Po…,g9rZPguu2__tourny_20260214-010,テキスト,【番長卒業】Lucky 7ポットバトル
【番長卒業】Lucky 7ポットバトル ▸ 011 【番長卒業】Lucky 7ポットバトル / ・本トーナメントのプライズは営業終了時の付与となり、…,g9rZPguu2__tourny_20260214-011,テキスト,【番長卒業】Lucky 7ポットバトル
【番長卒業】Lucky 7ポットバトル ▸ 012 【番長卒業】Lucky 7ポットバトル / ・ストラクチャーはTDの権限で予告なく変更される場合…,g9rZPguu2__tourny_20260214-012,テキスト,【番長卒業】Lucky 7ポットバトル
【番長卒業】Lucky 7ポットバトル ▸ 013 【番長卒業】Lucky 7ポットバトル / ・シートリドローはファイナルテーブルスタート時、及び…,g9rZPguu2__tourny_20260214-013,テキスト,【番長卒業】Lucky 7ポットバトル
【番長卒業】Lucky 7ポットバトル ▸ 014 【番長卒業】Lucky 7ポットバトル / ・ファイナルテーブル9-Handedでスタートします…,g9rZPguu2__tourny_20260214-014,テキスト,【番長卒業】Lucky 7ポットバトル
【番長卒業】Lucky 7ポットバトル ▸ 015 【番長卒業】Lucky 7ポットバトル / ../../assets/img/pages/img_35_debba707.w…,g9rZPguu2__tourny_20260214-015,画像,【番長卒業】Lucky 7ポットバトル
【ルナBirthday】20歳記念飲みポ ▸ 001 【ルナBirthday】20歳記念飲みポ / 2026/4/4 | トーナメントイベント,g9rZPguu2__tourny_20260411-001,テキスト,【ルナBirthday】20歳記念飲みポ
【ルナBirthday】20歳記念飲みポ ▸ 002 【ルナBirthday】20歳記念飲みポ / 【ルナBirthday】20歳記念飲みポ,g9rZPguu2__tourny_20260411-002,テキスト,【ルナBirthday】20歳記念飲みポ
【ルナBirthday】20歳記念飲みポ ▸ 003 【ルナBirthday】20歳記念飲みポ / 🎂 【ルナ Birthday】 🎂 20歳記念飲みポ…,g9rZPguu2__tourny_20260411-003,テキスト,【ルナBirthday】20歳記念飲みポ
【ルナBirthday】20歳記念飲みポ ▸ 004 【ルナBirthday】20歳記念飲みポ / ・開始：17:20~ ・レイトレジスト：19:15,g9rZPguu2__tourny_20260411-004,テキスト,【ルナBirthday】20歳記念飲みポ
"【ルナBirthday】20歳記念飲みポ ▸ 005 【ルナBirthday】20歳記念飲みポ / ・参加費：¥2,000 《特別イベント》",g9rZPguu2__tourny_20260411-005,テキスト,【ルナBirthday】20歳記念飲みポ
【ルナBirthday】20歳記念飲みポ ▸ 006 【ルナBirthday】20歳記念飲みポ / ・ 全テーブル で 15分 ごとに「ルナ」が各テーブ…,g9rZPguu2__tourny_20260411-006,テキスト,【ルナBirthday】20歳記念飲みポ
【ルナBirthday】20歳記念飲みポ ▸ 007 【ルナBirthday】20歳記念飲みポ / ✨」 ルナの誕生日を盛大にお祝いしましょう,g9rZPguu2__tourny_20260411-007,テキスト,【ルナBirthday】20歳記念飲みポ
【ルナBirthday】20歳記念飲みポ ▸ 008 【ルナBirthday】20歳記念飲みポ / ✨ 3~5E 6~10E 11~15E 16~20E…,g9rZPguu2__tourny_20260411-008,テキスト,【ルナBirthday】20歳記念飲みポ
【ルナBirthday】20歳記念飲みポ ▸ 009 【ルナBirthday】20歳記念飲みポ / ・本トーナメントはTDAルール2024に準拠して開催…,g9rZPguu2__tourny_20260411-009,テキスト,【ルナBirthday】20歳記念飲みポ
【ルナBirthday】20歳記念飲みポ ▸ 010 【ルナBirthday】20歳記念飲みポ / ・本トーナメントは ルナを心からお祝いしたい方 はど…,g9rZPguu2__tourny_20260411-010,テキスト,【ルナBirthday】20歳記念飲みポ
【ルナBirthday】20歳記念飲みポ ▸ 011 【ルナBirthday】20歳記念飲みポ / ・本トーナメントは 【Cランク】 トーナメントです。…,g9rZPguu2__tourny_20260411-011,テキスト,【ルナBirthday】20歳記念飲みポ
【ルナBirthday】20歳記念飲みポ ▸ 012 【ルナBirthday】20歳記念飲みポ / ・本トーナメントにおける最終判断はTDに委ねられます…,g9rZPguu2__tourny_20260411-012,テキスト,【ルナBirthday】20歳記念飲みポ
【ルナBirthday】20歳記念飲みポ ▸ 013 【ルナBirthday】20歳記念飲みポ / ・本トーナメントへの参加及びプライズの授与には”Po…,g9rZPguu2__tourny_20260411-013,テキスト,【ルナBirthday】20歳記念飲みポ
【ルナBirthday】20歳記念飲みポ ▸ 014 【ルナBirthday】20歳記念飲みポ / ・本トーナメントのプライズは営業終了時の付与となり、…,g9rZPguu2__tourny_20260411-014,テキスト,【ルナBirthday】20歳記念飲みポ
【ルナBirthday】20歳記念飲みポ ▸ 015 【ルナBirthday】20歳記念飲みポ / ・ストラクチャーはTDの権限で予告なく変更される場合…,g9rZPguu2__tourny_20260411-015,テキスト,【ルナBirthday】20歳記念飲みポ
【ルナBirthday】20歳記念飲みポ ▸ 016 【ルナBirthday】20歳記念飲みポ / ・シートリドローはファイナルテーブルスタート時、及び…,g9rZPguu2__tourny_20260411-016,テキスト,【ルナBirthday】20歳記念飲みポ
【ルナBirthday】20歳記念飲みポ ▸ 017 【ルナBirthday】20歳記念飲みポ / ・ファイナルテーブル9-Handedでスタートします…,g9rZPguu2__tourny_20260411-017,テキスト,【ルナBirthday】20歳記念飲みポ
【ルナBirthday】20歳記念飲みポ ▸ 018 【ルナBirthday】20歳記念飲みポ / ../../assets/img/pages/img_42_353db04b.w…,g9rZPguu2__tourny_20260411-018,画像,【ルナBirthday】20歳記念飲みポ
【Moe卒業】Moe Final💜Mystery Bonus-8's- ▸ 001 【Moe卒業】Moe Final💜Mys / 2026/5/3 | トーナメントイベント,g9rZPguu2__tourny_20260523-001,テキスト,【Moe卒業】Moe Final💜Mystery Bonus-8's-
【Moe卒業】Moe Final💜Mystery Bonus-8's- ▸ 002 【Moe卒業】Moe Final💜Mys / 【Moe卒業】Moe Final💜Mystery B…,g9rZPguu2__tourny_20260523-002,テキスト,【Moe卒業】Moe Final💜Mystery Bonus-8's-
【Moe卒業】Moe Final💜Mystery Bonus-8's- ▸ 003 【Moe卒業】Moe Final💜Mys / 🎓 【Moe卒業】 🎓 YORIMICHI初期メンバ…,g9rZPguu2__tourny_20260523-003,テキスト,【Moe卒業】Moe Final💜Mystery Bonus-8's-
【Moe卒業】Moe Final💜Mystery Bonus-8's- ▸ 004 【Moe卒業】Moe Final💜Mys / 5/23(土) お店を支えてくれたMoeの卒業を皆さ…,g9rZPguu2__tourny_20260523-004,テキスト,【Moe卒業】Moe Final💜Mystery Bonus-8's-
【Moe卒業】Moe Final💜Mystery Bonus-8's- ▸ 005 【Moe卒業】Moe Final💜Mys / 💜 ◼︎トーナメント概要 ・開始：17:20,g9rZPguu2__tourny_20260523-005,テキスト,【Moe卒業】Moe Final💜Mystery Bonus-8's-
"【Moe卒業】Moe Final💜Mystery Bonus-8's- ▸ 006 【Moe卒業】Moe Final💜Mys / ・レイトレジスト：19:15 ・参加費：¥2,000",g9rZPguu2__tourny_20260523-006,テキスト,【Moe卒業】Moe Final💜Mystery Bonus-8's-
【Moe卒業】Moe Final💜Mystery Bonus-8's- ▸ 007 【Moe卒業】Moe Final💜Mys / 《特別イベント》 ・エントリー特典あり!内容は当日の…,g9rZPguu2__tourny_20260523-007,テキスト,【Moe卒業】Moe Final💜Mystery Bonus-8's-
【Moe卒業】Moe Final💜Mystery Bonus-8's- ▸ 008 【Moe卒業】Moe Final💜Mys / ・人気の Mystery Bounty 形式,g9rZPguu2__tourny_20260523-008,テキスト,【Moe卒業】Moe Final💜Mystery Bonus-8's-
【Moe卒業】Moe Final💜Mystery Bonus-8's- ▸ 009 【Moe卒業】Moe Final💜Mys / ✨ BOXの中身は当日のお楽しみ🎁 抽選券/K.O.…,g9rZPguu2__tourny_20260523-009,テキスト,【Moe卒業】Moe Final💜Mystery Bonus-8's-
"【Moe卒業】Moe Final💜Mystery Bonus-8's- ▸ 010 【Moe卒業】Moe Final💜Mys / ✨Moe が 80,000点 で FT から参加",g9rZPguu2__tourny_20260523-010,テキスト,【Moe卒業】Moe Final💜Mystery Bonus-8's-
"【Moe卒業】Moe Final💜Mystery Bonus-8's- ▸ 011 【Moe卒業】Moe Final💜Mys / ✨ Moe特別BountyY$8,888",g9rZPguu2__tourny_20260523-011,テキスト,【Moe卒業】Moe Final💜Mystery Bonus-8's-
【Moe卒業】Moe Final💜Mystery Bonus-8's- ▸ 012 【Moe卒業】Moe Final💜Mys / 🥊 ・本トーナメントはTDAルール2024に準拠して…,g9rZPguu2__tourny_20260523-012,テキスト,【Moe卒業】Moe Final💜Mystery Bonus-8's-
【Moe卒業】Moe Final💜Mystery Bonus-8's- ▸ 013 【Moe卒業】Moe Final💜Mys / ・本トーナメントは Moeの卒業を心から祝いたい方 …,g9rZPguu2__tourny_20260523-013,テキスト,【Moe卒業】Moe Final💜Mystery Bonus-8's-
【Moe卒業】Moe Final💜Mystery Bonus-8's- ▸ 014 【Moe卒業】Moe Final💜Mys / ・本トーナメントは 【Cランク】 トーナメントです。…,g9rZPguu2__tourny_20260523-014,テキスト,【Moe卒業】Moe Final💜Mystery Bonus-8's-
【Moe卒業】Moe Final💜Mystery Bonus-8's- ▸ 015 【Moe卒業】Moe Final💜Mys / ・本トーナメントにおける最終判断はTDに委ねられます…,g9rZPguu2__tourny_20260523-015,テキスト,【Moe卒業】Moe Final💜Mystery Bonus-8's-
【Moe卒業】Moe Final💜Mystery Bonus-8's- ▸ 016 【Moe卒業】Moe Final💜Mys / ・本トーナメントへの参加及びプライズの授与には”Po…,g9rZPguu2__tourny_20260523-016,テキスト,【Moe卒業】Moe Final💜Mystery Bonus-8's-
【Moe卒業】Moe Final💜Mystery Bonus-8's- ▸ 017 【Moe卒業】Moe Final💜Mys / ・本トーナメントのプライズは営業終了時の付与となり、…,g9rZPguu2__tourny_20260523-017,テキスト,【Moe卒業】Moe Final💜Mystery Bonus-8's-
【Moe卒業】Moe Final💜Mystery Bonus-8's- ▸ 018 【Moe卒業】Moe Final💜Mys / ・ストラクチャーはTDの権限で予告なく変更される場合…,g9rZPguu2__tourny_20260523-018,テキスト,【Moe卒業】Moe Final💜Mystery Bonus-8's-
【Moe卒業】Moe Final💜Mystery Bonus-8's- ▸ 019 【Moe卒業】Moe Final💜Mys / ・シートリドローはファイナルテーブルスタート時、及び…,g9rZPguu2__tourny_20260523-019,テキスト,【Moe卒業】Moe Final💜Mystery Bonus-8's-
【Moe卒業】Moe Final💜Mystery Bonus-8's- ▸ 020 【Moe卒業】Moe Final💜Mys / ・ファイナルテーブル9-Handedでスタートします…,g9rZPguu2__tourny_20260523-020,テキスト,【Moe卒業】Moe Final💜Mystery Bonus-8's-
【Moe卒業】Moe Final💜Mystery Bonus-8's- ▸ 021 【Moe卒業】Moe Final💜Mystery Bonus-8's- / ../../assets/img/pages/img_45_3cc3f24c.w…,g9rZPguu2__tourny_20260523-021,画像,【Moe卒業】Moe Final💜Mystery Bonus-8's-
【つっきー卒業】Graduation Bounty🥊 ▸ 001 【つっきー卒業】Graduation B / 2026/6/5 | トーナメントイベント,g9rZPguu2__tourny_20260627-001,テキスト,【つっきー卒業】Graduation Bounty🥊
【つっきー卒業】Graduation Bounty🥊 ▸ 002 【つっきー卒業】Graduation B / 【つっきー卒業】Graduation Bounty🥊,g9rZPguu2__tourny_20260627-002,テキスト,【つっきー卒業】Graduation Bounty🥊
【つっきー卒業】Graduation Bounty🥊 ▸ 003 【つっきー卒業】Graduation B / 【つっきー卒業 🌸】 【つっきー卒業イベント開催,g9rZPguu2__tourny_20260627-003,テキスト,【つっきー卒業】Graduation Bounty🥊
【つっきー卒業】Graduation Bounty🥊 ▸ 004 【つっきー卒業】Graduation B / 🌸】 YORIMICHI 1期生 ・つっきーが 卒業…,g9rZPguu2__tourny_20260627-004,テキスト,【つっきー卒業】Graduation Bounty🥊
【つっきー卒業】Graduation Bounty🥊 ▸ 005 【つっきー卒業】Graduation B / 🎓 Graduation Bounty イベント 開…,g9rZPguu2__tourny_20260627-005,テキスト,【つっきー卒業】Graduation Bounty🥊
【つっきー卒業】Graduation Bounty🥊 ▸ 006 【つっきー卒業】Graduation B / 🥊 早速予定の確保をお願いします！🙇 ◼︎トーナメン…,g9rZPguu2__tourny_20260627-006,テキスト,【つっきー卒業】Graduation Bounty🥊
【つっきー卒業】Graduation Bounty🥊 ▸ 007 【つっきー卒業】Graduation B / ・開始：18:45 ・レイトレジスト：20:40,g9rZPguu2__tourny_20260627-007,テキスト,【つっきー卒業】Graduation Bounty🥊
"【つっきー卒業】Graduation Bounty🥊 ▸ 008 【つっきー卒業】Graduation B / ・参加費：¥2,000 《特別イベント》 超豪華エン…",g9rZPguu2__tourny_20260627-008,テキスト,【つっきー卒業】Graduation Bounty🥊
【つっきー卒業】Graduation Bounty🥊 ▸ 009 【つっきー卒業】Graduation B / ✨ Bounty形式 のトーナメントです! Y$50…,g9rZPguu2__tourny_20260627-009,テキスト,【つっきー卒業】Graduation Bounty🥊
"【つっきー卒業】Graduation Bounty🥊 ▸ 010 【つっきー卒業】Graduation B / 《特別ルール》 つっきー が66,000 点 で F…",g9rZPguu2__tourny_20260627-010,テキスト,【つっきー卒業】Graduation Bounty🥊
"【つっきー卒業】Graduation Bounty🥊 ▸ 011 【つっきー卒業】Graduation B / 🥊 つっきー 特別BountyY$6,666💰 3〜…",g9rZPguu2__tourny_20260627-011,テキスト,【つっきー卒業】Graduation Bounty🥊
【つっきー卒業】Graduation Bounty🥊 ▸ 012 【つっきー卒業】Graduation B / ・本トーナメントはTDAルール2024に準拠して開催…,g9rZPguu2__tourny_20260627-012,テキスト,【つっきー卒業】Graduation Bounty🥊
【つっきー卒業】Graduation Bounty🥊 ▸ 013 【つっきー卒業】Graduation B / ・本トーナメントは つっきーの卒業を心から祝いたい方…,g9rZPguu2__tourny_20260627-013,テキスト,【つっきー卒業】Graduation Bounty🥊
【つっきー卒業】Graduation Bounty🥊 ▸ 014 【つっきー卒業】Graduation B / ・本トーナメントは 【Cランク】 トーナメントです。…,g9rZPguu2__tourny_20260627-014,テキスト,【つっきー卒業】Graduation Bounty🥊
【つっきー卒業】Graduation Bounty🥊 ▸ 015 【つっきー卒業】Graduation B / ・本トーナメントにおける最終判断はTDに委ねられます…,g9rZPguu2__tourny_20260627-015,テキスト,【つっきー卒業】Graduation Bounty🥊
【つっきー卒業】Graduation Bounty🥊 ▸ 016 【つっきー卒業】Graduation B / ・本トーナメントへの参加及びプライズの授与には”Po…,g9rZPguu2__tourny_20260627-016,テキスト,【つっきー卒業】Graduation Bounty🥊
【つっきー卒業】Graduation Bounty🥊 ▸ 017 【つっきー卒業】Graduation B / ・本トーナメントのプライズは営業終了時の付与となり、…,g9rZPguu2__tourny_20260627-017,テキスト,【つっきー卒業】Graduation Bounty🥊
【つっきー卒業】Graduation Bounty🥊 ▸ 018 【つっきー卒業】Graduation B / ・ストラクチャーはTDの権限で予告なく変更される場合…,g9rZPguu2__tourny_20260627-018,テキスト,【つっきー卒業】Graduation Bounty🥊
【つっきー卒業】Graduation Bounty🥊 ▸ 019 【つっきー卒業】Graduation B / ・シートリドローはファイナルテーブルスタート時、及び…,g9rZPguu2__tourny_20260627-019,テキスト,【つっきー卒業】Graduation Bounty🥊
【つっきー卒業】Graduation Bounty🥊 ▸ 020 【つっきー卒業】Graduation B / ・ファイナルテーブル9-Handedでスタートします…,g9rZPguu2__tourny_20260627-020,テキスト,【つっきー卒業】Graduation Bounty🥊
【つっきー卒業】Graduation Bounty🥊 ▸ 021 【つっきー卒業】Graduation Bounty🥊 / ../../assets/img/pages/img_44_3c2fe524.w…,g9rZPguu2__tourny_20260627-021,画像,【つっきー卒業】Graduation Bounty🥊
ハウスルールについて ▸ 001 ハウスルールについて / HOUSE RULE,houserule-001,テキスト,ハウスルールについて
ハウスルールについて ▸ 002 ハウスルールについて / ハウスルールについて,houserule-002,テキスト,ハウスルールについて
ハウスルールについて ▸ 003 ハウスルールについて / YORIMICHIのハウスルールについてご案内します…,houserule-003,テキスト,ハウスルールについて
ハウスルールについて ▸ 004 ハウスルールって？ 世界共通のオフィシャルルールとは…,houserule-004,テキスト,ハウスルールについて
ハウスルールについて ▸ 005 当店のハウスルールにはオフィシャルルールと異なるルー…,houserule-005,テキスト,ハウスルールについて
ハウスルールについて ▸ 006 リングゲーム ゲーム参加時のポストについて リングゲ…,houserule-006,テキスト,ハウスルールについて
ハウスルールについて ▸ 007 ・BB Anteをポットに投入した上でBBをポストし…,houserule-007,テキスト,ハウスルールについて
ハウスルールについて ▸ 008 ブラインドのポストについて 当店のリングゲームのご参…,houserule-008,テキスト,ハウスルールについて
ハウスルールについて ▸ 009 また、BBをプレイ後、SBの際に離席されていた場合は…,houserule-009,テキスト,ハウスルールについて
ハウスルールについて ▸ 010 チップの利確について リングゲーム参加中に増えたチッ…,houserule-010,テキスト,ハウスルールについて
ハウスルールについて ▸ 011 オールイン時のマックについて 当店のリングゲームにて…,houserule-011,テキスト,ハウスルールについて
ハウスルールについて ▸ 012 ストラドルについて ストラドルはUTGまたはBTNポ…,houserule-012,テキスト,ハウスルールについて
ハウスルールについて ▸ 013 【2BB】でのみ可能とします。 また、UTGとBTN…,houserule-013,テキスト,ハウスルールについて
ハウスルールについて ▸ 014 【UTG】が優先となります。リストラドルは認めないも…,houserule-014,テキスト,ハウスルールについて
ハウスルールについて ▸ 015 ゲーム中の離席について スタックをテーブルに置いたま…,houserule-015,テキスト,ハウスルールについて
ハウスルールについて ▸ 016 スタックの保護につとめずに、チップが紛失した等のトラ…,houserule-016,テキスト,ハウスルールについて
ハウスルールについて ▸ 017 トーナメント フロア及びTD案件の裁定について フロ…,houserule-017,テキスト,ハウスルールについて
ハウスルールについて ▸ 018 フロア ・TDが不在時については、各テーブルのディー…,houserule-018,テキスト,ハウスルールについて
ハウスルールについて ▸ 019 MTT（マルチテーブルトーナメント）について 当店で…,houserule-019,テキスト,ハウスルールについて
ハウスルールについて ▸ 020 トーナメントランクの導入 当店にて行われるトーナメン…,houserule-020,テキスト,ハウスルールについて
ハウスルールについて ▸ 021 下位のランクは初心者のプレイヤー ・ディーラーのスキ…,houserule-021,テキスト,ハウスルールについて
ハウスルールについて ▸ 022 反対に上位のランクになるにつれて、エントリーフィーや…,houserule-022,テキスト,ハウスルールについて
ハウスルールについて ▸ 023 エントリー時のシートについて 当店にて行われるトーナ…,houserule-023,テキスト,ハウスルールについて
ハウスルールについて ▸ 024 シートカードを引いた後は、速やかにご自身の席にご着席…,houserule-024,テキスト,ハウスルールについて
ハウスルールについて ▸ 025 カラーアップについて カラーアップの際は、原則切り上…,houserule-025,テキスト,ハウスルールについて
ハウスルールについて ▸ 026 基本的には1500-3000(3000)の開始時に1…,houserule-026,テキスト,ハウスルールについて
ハウスルールについて ▸ 027 プライズディールについて 各トーナメントにて定められ…,houserule-027,テキスト,ハウスルールについて
ハウスルールについて ▸ 028 【Bランク以上】のトーナメントにて 【Y$のディール…,houserule-028,テキスト,ハウスルールについて
ハウスルールについて ▸ 029 各種サテライトチケット等は、大会運営規約等に基づき配…,houserule-029,テキスト,ハウスルールについて
ハウスルールについて ▸ 030 共通ルール フロアパーソンについて 当店における「フ…,houserule-030,テキスト,ハウスルールについて
ハウスルールについて ▸ 031 それ以外のスタッフはフロアパーソンとしての裁定の権限…,houserule-031,テキスト,ハウスルールについて
ハウスルールについて ▸ 032 プレイ中の言語について プレイ中のアクションは、,houserule-032,テキスト,ハウスルールについて
ハウスルールについて ▸ 033 【日本語】及び 【英語】のみ認めるものとします。,houserule-033,テキスト,ハウスルールについて
ハウスルールについて ▸ 034 アクティブ中の電子機器の使用について 各種不正防止の…,houserule-034,テキスト,ハウスルールについて
ハウスルールについて ▸ 035 ショーワンショーオールについて ゲーム参加中、同卓す…,houserule-035,テキスト,ハウスルールについて
ハウスルールについて ▸ 036 クロック要求について ゲーム進行中にクロック要求があ…,houserule-036,テキスト,ハウスルールについて
ハウスルールについて ▸ 037 また、セルフクロックは認めないものとします。,houserule-037,テキスト,ハウスルールについて
ハウストーナメント一覧 ▸ 001 ハウストーナメント一覧 / HOUSE TOURNAMENT,housetournament-summary-001,テキスト,ハウストーナメント一覧
ハウストーナメント一覧 ▸ 002 ハウストーナメント一覧 / ハウストーナメント一覧,housetournament-summary-002,テキスト,ハウストーナメント一覧
ハウストーナメント一覧 ▸ 003 ハウストーナメント一覧 / YORIMICHIのハウストーナメントです。,housetournament-summary-003,テキスト,ハウストーナメント一覧
ハウストーナメント一覧 ▸ 004 YORIMICHIのハウストーナメント一覧です。参加…,housetournament-summary-004,テキスト,ハウストーナメント一覧
ハウストーナメント一覧 ▸ 005 Dランクトーナメント,housetournament-summary-005,テキスト,ハウストーナメント一覧
ハウストーナメント一覧 ▸ 006 Cランクトーナメント,housetournament-summary-006,テキスト,ハウストーナメント一覧
ハウストーナメント一覧 ▸ 007 Bランクトーナメント,housetournament-summary-007,テキスト,ハウストーナメント一覧
ハウストーナメント一覧 ▸ 008 Aランクトーナメント,housetournament-summary-008,テキスト,ハウストーナメント一覧
ハウストーナメント一覧 ▸ 009 Sランクトーナメント,housetournament-summary-009,テキスト,ハウストーナメント一覧
トップページ ▸ 001 本日のYORIMICHI,home-001,テキスト,トップページ
トップページ ▸ 002 稼働状況,home-002,テキスト,トップページ
トップページ ▸ 003 いま空いてる？ テーブルの稼働をリアルタイムで確認。…,home-003,テキスト,トップページ
トップページ ▸ 004 リングゲーム,home-004,テキスト,トップページ
トップページ ▸ 005 好きな時間に参加・退席できる王道スタイル。料金システ…,home-005,テキスト,トップページ
トップページ ▸ 006 今週・今月の特別トーナメント。卒業戦・記念イベント・…,home-006,テキスト,トップページ
トップページ ▸ 007 今月のイベント・営業カレンダー。リングもトーナメント…,home-007,テキスト,トップページ
トップページ ▸ 008 今月のリング／トーナメントランキング。上位入賞で豪華…,home-008,テキスト,トップページ
トップページ ▸ 009 はじめての方への、おすすめ,home-009,テキスト,トップページ
トップページ ▸ 010 ポーカーデビュープラン,home-010,テキスト,トップページ
トップページ ▸ 011 今日からあなたもポーカープレイヤー,home-011,テキスト,トップページ
トップページ ▸ 012 役・用語・進行を1から丁寧にご説明。練習用チップで実…,home-012,テキスト,トップページ
トップページ ▸ 013 ご来店までの、しおり,home-013,テキスト,トップページ
トップページ ▸ 014 LINEで予約 / LINEで予約,home-014,テキスト,トップページ
トップページ ▸ 015 LINEで予約 / 公式LINEで「デビュープラン希望」とひとこと。日時…,home-015,テキスト,トップページ
トップページ ▸ 016 来店・ルール説明 / 来店・ルール説明,home-016,テキスト,トップページ
トップページ ▸ 017 来店・ルール説明 / スタッフが役や進行を1から丁寧にご案内。練習チップで…,home-017,テキスト,トップページ
トップページ ▸ 018 ポーカーデビュー / ポーカーデビュー,home-018,テキスト,トップページ
トップページ ▸ 019 ポーカーデビュー / そのままライブポーカーへ。きっと、素敵な出会いが待っ…,home-019,テキスト,トップページ
トップページ ▸ 020 沼津の夜景と、いつもの席。,home-020,テキスト,トップページ
トップページ ▸ 021 はじめてでも、安心の3つ。,home-021,テキスト,トップページ
トップページ ▸ 022 未経験者 専用プラン,home-022,テキスト,トップページ
トップページ ▸ 023 初めての方だけのデビュープランをご用意。周りも初心者…,home-023,テキスト,トップページ
トップページ ▸ 024 練習チップは無料で復活,home-024,テキスト,トップページ
トップページ ▸ 025 無くなっても何度でも無料で復活。お金の心配なく、思い…,home-025,テキスト,トップページ
トップページ ▸ 026 1から丁寧にご案内,home-026,テキスト,トップページ
トップページ ▸ 027 役・用語・アクション、わからないところは何度でも。ど…,home-027,テキスト,トップページ
トップページ ▸ 028 遊び慣れた方は、奥の席へ。,home-028,テキスト,トップページ
トップページ ▸ 029 よくあるご質問,home-029,テキスト,トップページ
トップページ ▸ 030 はい。未経験の方専用の「ポーカーデビュープラン」（¥…,home-030,テキスト,トップページ
トップページ ▸ 031 公式LINEからの事前予約がおすすめです。当日のご来…,home-031,テキスト,トップページ
トップページ ▸ 032 静岡県沼津市添地町72 青秀ビル5F、JR沼津駅南口…,home-032,テキスト,トップページ
トップページ ▸ 033 沼津駅から、徒歩5分の寄り道。,home-033,テキスト,トップページ
トップページ ▸ 034 ポーカールーム YORIMICHI,home-034,テキスト,トップページ
トップページ ▸ 035 ※駐車場はございません。近隣のコインパーキングをご利…,home-035,テキスト,トップページ
🎍 YORIMICHI 新春おみくじ 2026 🎍 ▸ 001 🎍 YORIMICHI 新春おみくじ 2 / 2026/1/3 | NEWS,koJlgd6l2__event_20260103-001,テキスト,🎍 YORIMICHI 新春おみくじ 2026 🎍
🎍 YORIMICHI 新春おみくじ 2026 🎍 ▸ 002 🎍 YORIMICHI 新春おみくじ 2 / 🎍 YORIMICHI 新春おみくじ 2026 🎍,koJlgd6l2__event_20260103-002,テキスト,🎍 YORIMICHI 新春おみくじ 2026 🎍
🎍 YORIMICHI 新春おみくじ 2026 🎍 ▸ 003 🎍 YORIMICHI 新春おみくじ 2 / 新年あけましておめでとうございます！ YORIMIC…,koJlgd6l2__event_20260103-003,テキスト,🎍 YORIMICHI 新春おみくじ 2026 🎍
🎍 YORIMICHI 新春おみくじ 2026 🎍 ▸ 004 🎍 YORIMICHI 新春おみくじ 2 / 【開催期間】 2026年1月3日（土）〜1月9日（金…,koJlgd6l2__event_20260103-004,テキスト,🎍 YORIMICHI 新春おみくじ 2026 🎍
🎍 YORIMICHI 新春おみくじ 2026 🎍 ▸ 005 🎍 YORIMICHI 新春おみくじ 2 / ※期間中何度でも挑戦OK！ 💰 料金 🎫 1回：¥1…,koJlgd6l2__event_20260103-005,テキスト,🎍 YORIMICHI 新春おみくじ 2026 🎍
"🎍 YORIMICHI 新春おみくじ 2026 🎍 ▸ 006 🎍 YORIMICHI 新春おみくじ 2 / ✨ 大吉 Y$ 5,000 🎊 中吉 Y$ 3,00…",koJlgd6l2__event_20260103-006,テキスト,🎍 YORIMICHI 新春おみくじ 2026 🎍
🎍 YORIMICHI 新春おみくじ 2026 🎍 ▸ 007 🎍 YORIMICHI 新春おみくじ 2 / ✨ ハズレなし！ ✨ どのくじを引いても、必ず末吉の…,koJlgd6l2__event_20260103-007,テキスト,🎍 YORIMICHI 新春おみくじ 2026 🎍
🎍 YORIMICHI 新春おみくじ 2026 🎍 ▸ 008 🎍 YORIMICHI 新春おみくじ 2026 🎍 / ../../assets/img/pages/img_25_be38715b.w…,koJlgd6l2__event_20260103-008,画像,🎍 YORIMICHI 新春おみくじ 2026 🎍
【Golden Week Special Package】 ▸ 001 【Golden Week Special / 2026/4/23 | NEWS,koJlgd6l2__event_2026502-001,テキスト,【Golden Week Special Package】
【Golden Week Special Package】 ▸ 002 【Golden Week Special / 【Golden Week Special Packa…,koJlgd6l2__event_2026502-002,テキスト,【Golden Week Special Package】
【Golden Week Special Package】 ▸ 003 【Golden Week Special / 【Golden Week Special Packa…,koJlgd6l2__event_2026502-003,テキスト,【Golden Week Special Package】
【Golden Week Special Package】 ▸ 004 【Golden Week Special / ✨YORIMICHIのGW期間は豪華三本仕立て,koJlgd6l2__event_2026502-004,テキスト,【Golden Week Special Package】
【Golden Week Special Package】 ▸ 005 【Golden Week Special / ✨ 対象期間：5/2(土)~5/6(水) ①Gold…,koJlgd6l2__event_2026502-005,テキスト,【Golden Week Special Package】
"【Golden Week Special Package】 ▸ 006 【Golden Week Special / ✨ 1. ¥5,000：入場料＋ワンドリンク＋トナメ…",koJlgd6l2__event_2026502-006,テキスト,【Golden Week Special Package】
【Golden Week Special Package】 ▸ 007 【Golden Week Special / ✨ 事前予約でスムーズにご案内できますので公式LIN…,koJlgd6l2__event_2026502-007,テキスト,【Golden Week Special Package】
【Golden Week Special Package】 ▸ 008 【Golden Week Special / ✨ ③来店スタンプ2倍!! GW期間中来店スタンプラ…,koJlgd6l2__event_2026502-008,テキスト,【Golden Week Special Package】
【Golden Week Special Package】 ▸ 009 【Golden Week Special / 【Golden Week Special】,koJlgd6l2__event_2026502-009,テキスト,【Golden Week Special Package】
【Golden Week Special Package】 ▸ 010 【Golden Week Special / ✨GW期間のトーナメント情報 ✨ ・Start：17…,koJlgd6l2__event_2026502-010,テキスト,【Golden Week Special Package】
【Golden Week Special Package】 ▸ 011 【Golden Week Special / ・Reg Close：19:00 ・Stack:25…,koJlgd6l2__event_2026502-011,テキスト,【Golden Week Special Package】
"【Golden Week Special Package】 ▸ 012 【Golden Week Special / ・Re-entry¥4,000 変則ストラクチャーの…",koJlgd6l2__event_2026502-012,テキスト,【Golden Week Special Package】
【Golden Week Special Package】 ▸ 013 【Golden Week Special / 🔥 通常よりレイトレジスト締切が早いのでお早めにご参…,koJlgd6l2__event_2026502-013,テキスト,【Golden Week Special Package】
【Golden Week Special Package】 ▸ 014 【Golden Week Special Package】 / ../../assets/img/pages/img_43_c016d762.w…,koJlgd6l2__event_2026502-014,画像,【Golden Week Special Package】
【Golden Week Special Package】 ▸ 015 画像 / ../../assets/img/pages/img_46_0de4718f.p…,koJlgd6l2__event_2026502-015,画像,【Golden Week Special Package】
クリスマススペシャルトーナメント結果 ▸ 001 クリスマススペシャルトーナメント結果 / 2025/12/21 | NEWS,koJlgd6l2__eventresult20251221-001,テキスト,クリスマススペシャルトーナメント結果
クリスマススペシャルトーナメント結果 ▸ 002 クリスマススペシャルトーナメント結果 / クリスマススペシャルトーナメント結果,koJlgd6l2__eventresult20251221-002,テキスト,クリスマススペシャルトーナメント結果
クリスマススペシャルトーナメント結果 ▸ 003 クリスマススペシャルトーナメント結果 / 12/19(金) ・20(土)の2日間に渡り、クリス…,koJlgd6l2__eventresult20251221-003,テキスト,クリスマススペシャルトーナメント結果
クリスマススペシャルトーナメント結果 ▸ 004 クリスマススペシャルトーナメント結果 / 12/19(金) #01 Mystery Bount…,koJlgd6l2__eventresult20251221-004,テキスト,クリスマススペシャルトーナメント結果
クリスマススペシャルトーナメント結果 ▸ 005 クリスマススペシャルトーナメント結果 / 🥊Bounty獲得数ランキング 1位：ノブさん様_9…,koJlgd6l2__eventresult20251221-005,テキスト,クリスマススペシャルトーナメント結果
クリスマススペシャルトーナメント結果 ▸ 006 クリスマススペシャルトーナメント結果 / ・sugi様_2個 SHO様_1個 ひでまさ様_1個…,koJlgd6l2__eventresult20251221-006,テキスト,クリスマススペシャルトーナメント結果
クリスマススペシャルトーナメント結果 ▸ 007 クリスマススペシャルトーナメント結果 / ※同率はトーナメントの順位順です。 12/20(土)…,koJlgd6l2__eventresult20251221-007,テキスト,クリスマススペシャルトーナメント結果
クリスマススペシャルトーナメント結果 ▸ 008 クリスマススペシャルトーナメント結果 / ../../assets/img/pages/img_11_ea644380.w…,koJlgd6l2__eventresult20251221-008,画像,クリスマススペシャルトーナメント結果
クリスマススペシャルトーナメント結果 ▸ 009 画像 / ../../assets/img/pages/img_18_95bc7673.j…,koJlgd6l2__eventresult20251221-009,画像,クリスマススペシャルトーナメント結果
クリスマススペシャルトーナメント結果 ▸ 010 画像 / ../../assets/img/pages/img_34_d8f99f36.j…,koJlgd6l2__eventresult20251221-010,画像,クリスマススペシャルトーナメント結果
YORIMICHI Last Battleトーナメント結果 ▸ 001 YORIMICHI Last Battl / 2025/12/28 | NEWS,koJlgd6l2__eventresult_20251228-001,テキスト,YORIMICHI Last Battleトーナメント結果
YORIMICHI Last Battleトーナメント結果 ▸ 002 YORIMICHI Last Battl / YORIMICHI Last Battleトーナメン…,koJlgd6l2__eventresult_20251228-002,テキスト,YORIMICHI Last Battleトーナメント結果
YORIMICHI Last Battleトーナメント結果 ▸ 003 YORIMICHI Last Battl / 12/27(土) ・28(日)の2日間に渡り、YOR…,koJlgd6l2__eventresult_20251228-003,テキスト,YORIMICHI Last Battleトーナメント結果
YORIMICHI Last Battleトーナメント結果 ▸ 004 YORIMICHI Last Battl / ご参加いただいた皆さま、ありがとうございました！ ト…,koJlgd6l2__eventresult_20251228-004,テキスト,YORIMICHI Last Battleトーナメント結果
YORIMICHI Last Battleトーナメント結果 ▸ 005 YORIMICHI Last Battl / #01 Main Event 総エントリー数：22E…,koJlgd6l2__eventresult_20251228-005,テキスト,YORIMICHI Last Battleトーナメント結果
YORIMICHI Last Battleトーナメント結果 ▸ 006 YORIMICHI Last Battleトーナメント結果 / ../../assets/img/pages/img_12_cd7461d7.w…,koJlgd6l2__eventresult_20251228-006,画像,YORIMICHI Last Battleトーナメント結果
YORIMICHI Last Battleトーナメント結果 ▸ 007 画像 / ../../assets/img/pages/img_18_95bc7673.j…,koJlgd6l2__eventresult_20251228-007,画像,YORIMICHI Last Battleトーナメント結果
YORIMICHI Last Battleトーナメント結果 ▸ 008 画像 / ../../assets/img/pages/img_34_d8f99f36.j…,koJlgd6l2__eventresult_20251228-008,画像,YORIMICHI Last Battleトーナメント結果
YORIMICHI Last Battle2025 #01 Main Event Day2 シートドロー結果 ▸ 001 YORIMICHI Last Battl / 2025/12/28 | NEWS,koJlgd6l2__lastbattle2025-day1-001,テキスト,YORIMICHI Last Battle2025 #01 Main Event Day2 シートドロー結果
YORIMICHI Last Battle2025 #01 Main Event Day2 シートドロー結果 ▸ 002 YORIMICHI Last Battl / YORIMICHI Last Battle2025 …,koJlgd6l2__lastbattle2025-day1-002,テキスト,YORIMICHI Last Battle2025 #01 Main Event Day2 シートドロー結果
YORIMICHI Last Battle2025 #01 Main Event Day2 シートドロー結果 ▸ 003 YORIMICHI Last Battl / YORIMICHI Last Battle2025 …,koJlgd6l2__lastbattle2025-day1-003,テキスト,YORIMICHI Last Battle2025 #01 Main Event Day2 シートドロー結果
YORIMICHI Last Battle2025 #01 Main Event Day2 シートドロー結果 ▸ 004 YORIMICHI Last Battl / Day2は 【12/28(日)17:20】から再開と…,koJlgd6l2__lastbattle2025-day1-004,テキスト,YORIMICHI Last Battle2025 #01 Main Event Day2 シートドロー結果
YORIMICHI Last Battle2025 #01 Main Event Day2 シートドロー結果 ▸ 005 YORIMICHI Last Battl / 開始時のブラインドは 【2000-4000(4000…,koJlgd6l2__lastbattle2025-day1-005,テキスト,YORIMICHI Last Battle2025 #01 Main Event Day2 シートドロー結果
YORIMICHI Last Battle2025 #01 Main Event Day2 シートドロー結果 ▸ 006 YORIMICHI Last Battl / Day1通過者の皆さま、おめでとうございます,koJlgd6l2__lastbattle2025-day1-006,テキスト,YORIMICHI Last Battle2025 #01 Main Event Day2 シートドロー結果
YORIMICHI Last Battle2025 #01 Main Event Day2 シートドロー結果 ▸ 007 YORIMICHI Last Battl / ✨ 優勝目指して頑張ってください！,koJlgd6l2__lastbattle2025-day1-007,テキスト,YORIMICHI Last Battle2025 #01 Main Event Day2 シートドロー結果
YORIMICHI Last Battle2025 #01 Main Event Day2 シートドロー結果 ▸ 008 YORIMICHI Last Battle2025 #01 Main Event Day2 シートドロー結果 / ../../assets/img/pages/img_09_0d56b59e.w…,koJlgd6l2__lastbattle2025-day1-008,画像,YORIMICHI Last Battle2025 #01 Main Event Day2 シートドロー結果
YORIMICHI Last Battle2025 #01 Main Event Day2 シートドロー結果 ▸ 009 画像 / ../../assets/img/pages/img_33_b7e32a04.p…,koJlgd6l2__lastbattle2025-day1-009,画像,YORIMICHI Last Battle2025 #01 Main Event Day2 シートドロー結果
YORIMICHI Last Battle 2025予選通過者 ▸ 001 YORIMICHI Last Battl / 2025/12/7 | NEWS,koJlgd6l2__lastbattle2025-001,テキスト,YORIMICHI Last Battle 2025予選通過者
YORIMICHI Last Battle 2025予選通過者 ▸ 002 YORIMICHI Last Battl / YORIMICHI Last Battle 2025…,koJlgd6l2__lastbattle2025-002,テキスト,YORIMICHI Last Battle 2025予選通過者
YORIMICHI Last Battle 2025予選通過者 ▸ 003 YORIMICHI Last Battl / Last Battle予選通過者と獲得権利数は以下の…,koJlgd6l2__lastbattle2025-003,テキスト,YORIMICHI Last Battle 2025予選通過者
YORIMICHI Last Battle 2025予選通過者 ▸ 004 YORIMICHI Last Battl / トーナメント概要は こちら からご覧ください。,koJlgd6l2__lastbattle2025-004,テキスト,YORIMICHI Last Battle 2025予選通過者
YORIMICHI Last Battle 2025予選通過者 ▸ 005 YORIMICHI Last Battle 2025予選通過者 / ../../assets/img/pages/img_08_4c65a3b1.w…,koJlgd6l2__lastbattle2025-005,画像,YORIMICHI Last Battle 2025予選通過者
新年のご挨拶 ▸ 001 新年のご挨拶 / 2026/1/2 | NEWS,koJlgd6l2__news_20260103-001,テキスト,新年のご挨拶
新年のご挨拶 ▸ 002 新年のご挨拶 / 新年のご挨拶,koJlgd6l2__news_20260103-002,テキスト,新年のご挨拶
新年のご挨拶 ▸ 003 新年のご挨拶 / 皆様、あけましておめでとうございます！ 旧年中は格別…,koJlgd6l2__news_20260103-003,テキスト,新年のご挨拶
新年のご挨拶 ▸ 004 新年のご挨拶 / 2025年8月16日にオープンした「ポーカールームY…,koJlgd6l2__news_20260103-004,テキスト,新年のご挨拶
新年のご挨拶 ▸ 005 新年のご挨拶 / オープンからまだ4ヶ月半ではありましたが、本当に多く…,koJlgd6l2__news_20260103-005,テキスト,新年のご挨拶
新年のご挨拶 ▸ 006 新年のご挨拶 / スタッフ一同、心から感謝しております。,koJlgd6l2__news_20260103-006,テキスト,新年のご挨拶
新年のご挨拶 ▸ 007 新年のご挨拶 / いつも足を運んでくださる常連の皆様、 そして新しくY…,koJlgd6l2__news_20260103-007,テキスト,新年のご挨拶
新年のご挨拶 ▸ 008 新年のご挨拶 / お客様同士の温かい雰囲気と楽しいコミュニケーションが…,koJlgd6l2__news_20260103-008,テキスト,新年のご挨拶
新年のご挨拶 ▸ 009 新年のご挨拶 / 「ポーカーは初めてで不安…」という方も、ご安心くださ…,koJlgd6l2__news_20260103-009,テキスト,新年のご挨拶
新年のご挨拶 ▸ 010 新年のご挨拶 / ポーカー初心者の方から上級者の方まで、たくさんの出会…,koJlgd6l2__news_20260103-010,テキスト,新年のご挨拶
新年のご挨拶 ▸ 011 新年のご挨拶 / 2026年も、もっと多くの方にポーカーの楽しさを体験…,koJlgd6l2__news_20260103-011,テキスト,新年のご挨拶
新年のご挨拶 ▸ 012 新年のご挨拶 / 皆様のご健康とご多幸をお祈りしつつ、2026年も皆様…,koJlgd6l2__news_20260103-012,テキスト,新年のご挨拶
新年のご挨拶 ▸ 013 新年のご挨拶 / ../../assets/img/pages/img_15_b5fc98dd.w…,koJlgd6l2__news_20260103-013,画像,新年のご挨拶
新トーナメント「Monsterstack」登場！ ▸ 001 新トーナメント「Monsterstack / 2025/12/15 | NEWS,koJlgd6l2__newtournament20251215-001,テキスト,新トーナメント「Monsterstack」登場！
新トーナメント「Monsterstack」登場！ ▸ 002 新トーナメント「Monsterstack / 新トーナメント「Monsterstack」登場！,koJlgd6l2__newtournament20251215-002,テキスト,新トーナメント「Monsterstack」登場！
新トーナメント「Monsterstack」登場！ ▸ 003 新トーナメント「Monsterstack / 平素よりYOROMICHIをご利用いただきありがとう…,koJlgd6l2__newtournament20251215-003,テキスト,新トーナメント「Monsterstack」登場！
新トーナメント「Monsterstack」登場！ ▸ 004 新トーナメント「Monsterstack / このたび15:00からの特別営業時限定の「Monse…,koJlgd6l2__newtournament20251215-004,テキスト,新トーナメント「Monsterstack」登場！
"新トーナメント「Monsterstack」登場！ ▸ 005 新トーナメント「Monsterstack / 詳細は こちら よりご覧ください。 50,000点ス…",koJlgd6l2__newtournament20251215-005,テキスト,新トーナメント「Monsterstack」登場！
新トーナメント「Monsterstack」登場！ ▸ 006 新トーナメント「Monsterstack」登場！ / ../../assets/img/pages/img_24_26ca41f0.w…,koJlgd6l2__newtournament20251215-006,画像,新トーナメント「Monsterstack」登場！
12月のイベント案内 ▸ 001 12月のイベント案内 / 2025/12/5 | NEWS,koJlgd6l2__schedule202512a-001,テキスト,12月のイベント案内
12月のイベント案内 ▸ 002 12月のイベント案内 / 12月のイベント案内,koJlgd6l2__schedule202512a-002,テキスト,12月のイベント案内
12月のイベント案内 ▸ 003 12月のイベント案内 / 平素よりポーカールームYORIMICHIをご利用いた…,koJlgd6l2__schedule202512a-003,テキスト,12月のイベント案内
12月のイベント案内 ▸ 004 12月のイベント案内 / 2025年もいよいよ残り１ヶ月となりました！ 今月1…,koJlgd6l2__schedule202512a-004,テキスト,12月のイベント案内
12月のイベント案内 ▸ 005 12月のイベント案内 / ブラインドストラクチャーの改良と、ご要望の多かったプ…,koJlgd6l2__schedule202512a-005,テキスト,12月のイベント案内
12月のイベント案内 ▸ 006 12月のイベント案内 / 【新タイトル】 ・ Super K.O. Bount…,koJlgd6l2__schedule202512a-006,テキスト,12月のイベント案内
"12月のイベント案内 ▸ 007 12月のイベント案内 / プレイヤーを1人飛ばすたびにY$1,000を獲得でき…",koJlgd6l2__schedule202512a-007,テキスト,12月のイベント案内
"12月のイベント案内 ▸ 008 12月のイベント案内 / ・ High Voltage ／￥3,000 変則ブ…",koJlgd6l2__schedule202512a-008,テキスト,12月のイベント案内
12月のイベント案内 ▸ 009 12月のイベント案内 / 通常よりもポストフロップが多く発生するのでアグレッシ…,koJlgd6l2__schedule202512a-009,テキスト,12月のイベント案内
"12月のイベント案内 ▸ 010 12月のイベント案内 / ・ The Classic ／￥3,000 全員から…",koJlgd6l2__schedule202512a-010,テキスト,12月のイベント案内
12月のイベント案内 ▸ 011 12月のイベント案内 / 普段のライブトーナメントではなかなか体験できない、伝…,koJlgd6l2__schedule202512a-011,テキスト,12月のイベント案内
"12月のイベント案内 ▸ 012 12月のイベント案内 / ・ Saturday Spirits ／￥4,000…",koJlgd6l2__schedule202512a-012,テキスト,12月のイベント案内
12月のイベント案内 ▸ 013 12月のイベント案内 / プレイヤーのスキルが発揮されやすいブラインドストラク…,koJlgd6l2__schedule202512a-013,テキスト,12月のイベント案内
12月のイベント案内 ▸ 014 12月のイベント案内 / また、開催日程はマンスリースケジュールの カレンダー…,koJlgd6l2__schedule202512a-014,テキスト,12月のイベント案内
12月のイベント案内 ▸ 015 12月のイベント案内 / 3.年末トーナメントシリーズ開催決定！ 2025年の…,koJlgd6l2__schedule202512a-015,テキスト,12月のイベント案内
12月のイベント案内 ▸ 016 12月のイベント案内 / ・28(日)の2日間にかけて開催。YORIMICHI…,koJlgd6l2__schedule202512a-016,テキスト,12月のイベント案内
12月のイベント案内 ▸ 017 12月のイベント案内 / また、本メインイベントはダイレクトバイインの他にも、…,koJlgd6l2__schedule202512a-017,テキスト,12月のイベント案内
"12月のイベント案内 ▸ 018 12月のイベント案内 / サテライト（予選）通過者は、通常の参加費が¥10,0…",koJlgd6l2__schedule202512a-018,テキスト,12月のイベント案内
12月のイベント案内 ▸ 019 12月のイベント案内 / 予選はHyper Turboを除くすべてのデイリート…,koJlgd6l2__schedule202512a-019,テキスト,12月のイベント案内
12月のイベント案内 ▸ 020 12月のイベント案内 / 開催概要は以下のとおりです。 YORIMICHI L…,koJlgd6l2__schedule202512a-020,テキスト,12月のイベント案内
12月のイベント案内 ▸ 021 12月のイベント案内 / ・28日(日) Main Event Day1：12…,koJlgd6l2__schedule202512a-021,テキスト,12月のイベント案内
"12月のイベント案内 ▸ 022 12月のイベント案内 / ・参加費 DBI：¥10,000 サテライト通過者：…",koJlgd6l2__schedule202512a-022,テキスト,12月のイベント案内
"12月のイベント案内 ▸ 023 12月のイベント案内 / ・スタック DBI：60,000点 予選通過者： 1…",koJlgd6l2__schedule202512a-023,テキスト,12月のイベント案内
12月のイベント案内 ▸ 024 12月のイベント案内 / ※予選通過チケットを2枚以上お持ちの方は、任意の枚数…,koJlgd6l2__schedule202512a-024,テキスト,12月のイベント案内
12月のイベント案内 ▸ 025 12月のイベント案内 / ※エントリー後のAdd onにはご使用いただけません…,koJlgd6l2__schedule202512a-025,テキスト,12月のイベント案内
"12月のイベント案内 ▸ 026 12月のイベント案内 / ・プライズ 1位：Y$ 100,000 2位：Y$ …",koJlgd6l2__schedule202512a-026,テキスト,12月のイベント案内
"12月のイベント案内 ▸ 027 12月のイベント案内 / ・参加費 DBI：¥,5000 サテライト通過者：予…",koJlgd6l2__schedule202512a-027,テキスト,12月のイベント案内
"12月のイベント案内 ▸ 028 12月のイベント案内 / ・スタック 30,000点 ・プライズ TBD ★予…",koJlgd6l2__schedule202512a-028,テキスト,12月のイベント案内
12月のイベント案内 ▸ 029 12月のイベント案内 / 対象トーナメントの優勝者に2権利、準優勝者に1権利予…,koJlgd6l2__schedule202512a-029,テキスト,12月のイベント案内
12月のイベント案内 ▸ 030 12月のイベント案内 / 権利は受付にて管理いたします。 2025年の集大成と…,koJlgd6l2__schedule202512a-030,テキスト,12月のイベント案内
12月のイベント案内 ▸ 031 12月のイベント案内 / 肌寒い季節もYORIMICHIでアツいポーカーを楽し…,koJlgd6l2__schedule202512a-031,テキスト,12月のイベント案内
12月のイベント案内 ▸ 032 12月のイベント案内 / ../../assets/img/pages/img_17_14e45c15.p…,koJlgd6l2__schedule202512a-032,画像,12月のイベント案内
12月のイベント案内 ▸ 033 画像 / ../../assets/img/pages/img_14_68620cfe.p…,koJlgd6l2__schedule202512a-033,画像,12月のイベント案内
12月のイベント案内 ▸ 034 画像 / ../../assets/img/pages/img_26_39a0a942.p…,koJlgd6l2__schedule202512a-034,画像,12月のイベント案内
12月のイベント案内 ▸ 035 画像 / ../../assets/img/pages/img_10_9a9a1cd6.p…,koJlgd6l2__schedule202512a-035,画像,12月のイベント案内
6月のイベントスケジュール ▸ 001 6月のイベントスケジュール / 2026/5/31 | NEWS,koJlgd6l2__schedule202606-001,テキスト,6月のイベントスケジュール
6月のイベントスケジュール ▸ 002 6月のイベントスケジュール / 6月のイベントスケジュール,koJlgd6l2__schedule202606-002,テキスト,6月のイベントスケジュール
6月のイベントスケジュール ▸ 003 6月のイベントスケジュール / 平素よりポーカールームYORIMICHIをご利用いた…,koJlgd6l2__schedule202606-003,テキスト,6月のイベントスケジュール
6月のイベントスケジュール ▸ 004 6月のイベントスケジュール / 6月のイベントスケジュールです！以下要チェックです！…,koJlgd6l2__schedule202606-004,テキスト,6月のイベントスケジュール
6月のイベントスケジュール ▸ 005 6月のイベントスケジュール / 【つっきー卒業イベント】 5.月間ランキング 6.6…,koJlgd6l2__schedule202606-005,テキスト,6月のイベントスケジュール
6月のイベントスケジュール ▸ 006 6月のイベントスケジュール / ・6/13(土) ビギナーさんにも気軽にトーナメント…,koJlgd6l2__schedule202606-006,テキスト,6月のイベントスケジュール
6月のイベントスケジュール ▸ 007 6月のイベントスケジュール / ✨ トーナメントの詳細 ・Daily Hyper T…,koJlgd6l2__schedule202606-007,テキスト,6月のイベントスケジュール
6月のイベントスケジュール ▸ 008 6月のイベントスケジュール / ・Start：19:00 ・Reg Close：20…,koJlgd6l2__schedule202606-008,テキスト,6月のイベントスケジュール
"6月のイベントスケジュール ▸ 009 6月のイベントスケジュール / ・Entry Fee：¥1,000 3.アーリーバー…",koJlgd6l2__schedule202606-009,テキスト,6月のイベントスケジュール
6月のイベントスケジュール ▸ 010 6月のイベントスケジュール / 【無料】または 【割引】に！ ⚠️ご注意 開始時刻（…,koJlgd6l2__schedule202606-010,テキスト,6月のイベントスケジュール
6月のイベントスケジュール ▸ 011 6月のイベントスケジュール / 【つっきー卒業】 📅開催期間 6/27(土) つっき…,koJlgd6l2__schedule202606-011,テキスト,6月のイベントスケジュール
6月のイベントスケジュール ▸ 012 6月のイベントスケジュール / 【 Graduation Bounty】 開催,koJlgd6l2__schedule202606-012,テキスト,6月のイベントスケジュール
6月のイベントスケジュール ▸ 013 6月のイベントスケジュール / ✨ つっきーのディーリング見納めです。。。！👀 トー…,koJlgd6l2__schedule202606-013,テキスト,6月のイベントスケジュール
6月のイベントスケジュール ▸ 014 6月のイベントスケジュール / ・Start：18:45 ・Reg Close：20…,koJlgd6l2__schedule202606-014,テキスト,6月のイベントスケジュール
"6月のイベントスケジュール ▸ 015 6月のイベントスケジュール / ・Entry：¥2,000 ・Re-Entry：¥2…",koJlgd6l2__schedule202606-015,テキスト,6月のイベントスケジュール
6月のイベントスケジュール ▸ 016 6月のイベントスケジュール / 🔥 特典： ・非売品YORIMICHIオリジナルグッ…,koJlgd6l2__schedule202606-016,テキスト,6月のイベントスケジュール
6月のイベントスケジュール ▸ 017 6月のイベントスケジュール / ・店内にて月間王者としてお写真掲示させていただきます,koJlgd6l2__schedule202606-017,テキスト,6月のイベントスケジュール
6月のイベントスケジュール ▸ 018 6月のイベントスケジュール / ✨ 詳細は こちら ！ 6.6月限定貸切プラン登場!,koJlgd6l2__schedule202606-018,テキスト,6月のイベントスケジュール
6月のイベントスケジュール ▸ 019 6月のイベントスケジュール / 🆕貸し卓プラン登場! ご利用概要 - 営業時間：17…,koJlgd6l2__schedule202606-019,テキスト,6月のイベントスケジュール
6月のイベントスケジュール ▸ 020 6月のイベントスケジュール / ・ ディーラーなし） ご注意事項 - 飲食の持ち込み…,koJlgd6l2__schedule202606-020,テキスト,6月のイベントスケジュール
6月のイベントスケジュール ▸ 021 6月のイベントスケジュール / ご来店お待ちしています 🚶,koJlgd6l2__schedule202606-021,テキスト,6月のイベントスケジュール
6月のイベントスケジュール ▸ 022 6月のイベントスケジュール / ../../assets/img/pages/img_39_90afc3b2.p…,koJlgd6l2__schedule202606-022,画像,6月のイベントスケジュール
2月のイベントスケジュール ▸ 001 2月のイベントスケジュール / 2026/2/1 | NEWS,koJlgd6l2__schedule_202602-001,テキスト,2月のイベントスケジュール
2月のイベントスケジュール ▸ 002 2月のイベントスケジュール / 2月のイベントスケジュール,koJlgd6l2__schedule_202602-002,テキスト,2月のイベントスケジュール
2月のイベントスケジュール ▸ 003 2月のイベントスケジュール / 平素よりポーカールームYORIMICHIをご利用いた…,koJlgd6l2__schedule_202602-003,テキスト,2月のイベントスケジュール
2月のイベントスケジュール ▸ 004 2月のイベントスケジュール / 2月のイベントスケジュールです！以下要チェックです！…,koJlgd6l2__schedule_202602-004,テキスト,2月のイベントスケジュール
2月のイベントスケジュール ▸ 005 2月のイベントスケジュール / 🎓 開催！ 3. 今月からリングイベント開催！ 4.…,koJlgd6l2__schedule_202602-005,テキスト,2月のイベントスケジュール
2月のイベントスケジュール ▸ 006 2月のイベントスケジュール / ・開催期間の該当日にデビュープランを受講された方全員…,koJlgd6l2__schedule_202602-006,テキスト,2月のイベントスケジュール
2月のイベントスケジュール ▸ 007 2月のイベントスケジュール / ・開催期間の該当日にデビュープランを事前予約すると …,koJlgd6l2__schedule_202602-007,テキスト,2月のイベントスケジュール
2月のイベントスケジュール ▸ 008 2月のイベントスケジュール / ※前日までにご予約いただいた方が対象となります。,koJlgd6l2__schedule_202602-008,テキスト,2月のイベントスケジュール
2月のイベントスケジュール ▸ 009 2月のイベントスケジュール / YORIMICHIでのポーカーデビューをお待ちしてい…,koJlgd6l2__schedule_202602-009,テキスト,2月のイベントスケジュール
2月のイベントスケジュール ▸ 010 2月のイベントスケジュール / 🎓 開催！ YORIMICHIディーラーの番長が2月…,koJlgd6l2__schedule_202602-010,テキスト,2月のイベントスケジュール
2月のイベントスケジュール ▸ 011 2月のイベントスケジュール / 3. 今月からリングイベント開催！ 今月からリングの…,koJlgd6l2__schedule_202602-011,テキスト,2月のイベントスケジュール
2月のイベントスケジュール ▸ 012 2月のイベントスケジュール / ・Win the Button：2月9日(月)、23…,koJlgd6l2__schedule_202602-012,テキスト,2月のイベントスケジュール
2月のイベントスケジュール ▸ 013 2月のイベントスケジュール / ・7-2 Game：2月2日(月)、7日(土)、27…,koJlgd6l2__schedule_202602-013,テキスト,2月のイベントスケジュール
2月のイベントスケジュール ▸ 014 2月のイベントスケジュール / ・Super Hold'em：2月16日(月),koJlgd6l2__schedule_202602-014,テキスト,2月のイベントスケジュール
2月のイベントスケジュール ▸ 015 2月のイベントスケジュール / ・Stand Up Game：2月4(水)、11(水…,koJlgd6l2__schedule_202602-015,テキスト,2月のイベントスケジュール
2月のイベントスケジュール ▸ 016 2月のイベントスケジュール / 皆様のご来場をお待ちしております！,koJlgd6l2__schedule_202602-016,テキスト,2月のイベントスケジュール
2月のイベントスケジュール ▸ 017 2月のイベントスケジュール / ../../assets/img/pages/img_16_1b2d18ad.p…,koJlgd6l2__schedule_202602-017,画像,2月のイベントスケジュール
3月のイベントスケジュール ▸ 001 3月のイベントスケジュール / 2026/3/5 | NEWS,koJlgd6l2__schedule_202603-001,テキスト,3月のイベントスケジュール
3月のイベントスケジュール ▸ 002 3月のイベントスケジュール / 3月のイベントスケジュール,koJlgd6l2__schedule_202603-002,テキスト,3月のイベントスケジュール
3月のイベントスケジュール ▸ 003 3月のイベントスケジュール / 平素よりポーカールームYORIMICHIをご利用いた…,koJlgd6l2__schedule_202603-003,テキスト,3月のイベントスケジュール
3月のイベントスケジュール ▸ 004 3月のイベントスケジュール / 3月のイベントスケジュールです！以下要チェックです！…,koJlgd6l2__schedule_202603-004,テキスト,3月のイベントスケジュール
3月のイベントスケジュール ▸ 005 3月のイベントスケジュール / ・アーリバード開催! 2. ビギナー限定トーナメント…,koJlgd6l2__schedule_202603-005,テキスト,3月のイベントスケジュール
3月のイベントスケジュール ▸ 006 3月のイベントスケジュール / ・アーリーバード開催！ 📅SDR(スタートダッシュリ…,koJlgd6l2__schedule_202603-006,テキスト,3月のイベントスケジュール
3月のイベントスケジュール ▸ 007 3月のイベントスケジュール / ✨ ※先着3名様 📅 アーリーバード期間(3/17-…,koJlgd6l2__schedule_202603-007,テキスト,3月のイベントスケジュール
3月のイベントスケジュール ▸ 008 3月のイベントスケジュール / ※17:20~のトーナメントが対象 2.ビギナー限定…,koJlgd6l2__schedule_202603-008,テキスト,3月のイベントスケジュール
3月のイベントスケジュール ▸ 009 3月のイベントスケジュール / ✨ 📅 開催日程 3/14(土) ・3/28(土) …,koJlgd6l2__schedule_202603-009,テキスト,3月のイベントスケジュール
3月のイベントスケジュール ▸ 010 3月のイベントスケジュール / ・Daily Hyper Turbo,koJlgd6l2__schedule_202603-010,テキスト,3月のイベントスケジュール
3月のイベントスケジュール ▸ 011 3月のイベントスケジュール / ・Start：17:20 ・Reg Close：18…,koJlgd6l2__schedule_202603-011,テキスト,3月のイベントスケジュール
"3月のイベントスケジュール ▸ 012 3月のイベントスケジュール / ・Entry Fee：¥1,000 3. 市民割登場…",koJlgd6l2__schedule_202603-012,テキスト,3月のイベントスケジュール
3月のイベントスケジュール ▸ 013 3月のイベントスケジュール / ・清水町在住の方 3/9(月)富士 ・富士宮在住の方…,koJlgd6l2__schedule_202603-013,テキスト,3月のイベントスケジュール
3月のイベントスケジュール ▸ 014 3月のイベントスケジュール / ・長泉在住の方 3/23(月)裾野 ・御殿場在住の方…,koJlgd6l2__schedule_202603-014,テキスト,3月のイベントスケジュール
3月のイベントスケジュール ▸ 015 3月のイベントスケジュール / ✨ たくさん来店して豪華特典をGETしよう! 📅 開…,koJlgd6l2__schedule_202603-015,テキスト,3月のイベントスケジュール
3月のイベントスケジュール ▸ 016 3月のイベントスケジュール / 💎 チェックイン（ご来店）時に受付でトランプを2枚引…,koJlgd6l2__schedule_202603-016,テキスト,3月のイベントスケジュール
3月のイベントスケジュール ▸ 017 3月のイベントスケジュール / ../../assets/img/pages/img_40_7b7f25c8.p…,koJlgd6l2__schedule_202603-017,画像,3月のイベントスケジュール
4月のイベントスケジュール ▸ 001 4月のイベントスケジュール / 2026/4/1 | NEWS,koJlgd6l2__schedule_202604-001,テキスト,4月のイベントスケジュール
4月のイベントスケジュール ▸ 002 4月のイベントスケジュール / 4月のイベントスケジュール,koJlgd6l2__schedule_202604-002,テキスト,4月のイベントスケジュール
4月のイベントスケジュール ▸ 003 4月のイベントスケジュール / 平素よりポーカールームYORIMICHIをご利用いた…,koJlgd6l2__schedule_202604-003,テキスト,4月のイベントスケジュール
4月のイベントスケジュール ▸ 004 4月のイベントスケジュール / 4月のイベントスケジュールです！以下要チェックです！…,koJlgd6l2__schedule_202604-004,テキスト,4月のイベントスケジュール
4月のイベントスケジュール ▸ 005 4月のイベントスケジュール / ✨ 2. ビギナー限定トーナメント開催! 📅 開催日…,koJlgd6l2__schedule_202604-005,テキスト,4月のイベントスケジュール
4月のイベントスケジュール ▸ 006 4月のイベントスケジュール / ・4/25(土) ビギナーさんにも気軽にトーナメント…,koJlgd6l2__schedule_202604-006,テキスト,4月のイベントスケジュール
4月のイベントスケジュール ▸ 007 4月のイベントスケジュール / ✨ トーナメントの詳細 ・Daily Hyper T…,koJlgd6l2__schedule_202604-007,テキスト,4月のイベントスケジュール
4月のイベントスケジュール ▸ 008 4月のイベントスケジュール / ・Start：19:00 ・Reg Close：20…,koJlgd6l2__schedule_202604-008,テキスト,4月のイベントスケジュール
"4月のイベントスケジュール ▸ 009 4月のイベントスケジュール / ・Entry Fee：¥1,000 3. Daily…",koJlgd6l2__schedule_202604-009,テキスト,4月のイベントスケジュール
4月のイベントスケジュール ▸ 010 4月のイベントスケジュール / 💎 チェックイン（ご来店）時に受付でトランプを2枚引…,koJlgd6l2__schedule_202604-010,テキスト,4月のイベントスケジュール
4月のイベントスケジュール ▸ 011 4月のイベントスケジュール / ✨ たくさん来店して豪華特典をGETしよう! 5. …,koJlgd6l2__schedule_202604-011,テキスト,4月のイベントスケジュール
4月のイベントスケジュール ▸ 012 4月のイベントスケジュール / ✨ トーナメントの詳細 ・Start：18:30,koJlgd6l2__schedule_202604-012,テキスト,4月のイベントスケジュール
4月のイベントスケジュール ▸ 013 4月のイベントスケジュール / ・Reg Close：19:40 ・Entry：無料,koJlgd6l2__schedule_202604-013,テキスト,4月のイベントスケジュール
"4月のイベントスケジュール ▸ 014 4月のイベントスケジュール / ・Re-Entry：1,000円 6.月間トーナメン…",koJlgd6l2__schedule_202604-014,テキスト,4月のイベントスケジュール
4月のイベントスケジュール ▸ 015 4月のイベントスケジュール / ✨ 日々のトーナメントでポイントを稼いで非売品YOR…,koJlgd6l2__schedule_202604-015,テキスト,4月のイベントスケジュール
4月のイベントスケジュール ▸ 016 4月のイベントスケジュール / 🔥 特典： ・非売品YORIMICHIオリジナルグッ…,koJlgd6l2__schedule_202604-016,テキスト,4月のイベントスケジュール
4月のイベントスケジュール ▸ 017 4月のイベントスケジュール / ・店内にて月間王者としてお写真掲示させていただきます,koJlgd6l2__schedule_202604-017,テキスト,4月のイベントスケジュール
4月のイベントスケジュール ▸ 018 4月のイベントスケジュール / ✨ 詳細は こちら ！,koJlgd6l2__schedule_202604-018,テキスト,4月のイベントスケジュール
4月のイベントスケジュール ▸ 019 4月のイベントスケジュール / ../../assets/img/pages/img_37_e18ef6e1.p…,koJlgd6l2__schedule_202604-019,画像,4月のイベントスケジュール
5月のイベントスケジュール ▸ 001 5月のイベントスケジュール / 2026/4/23 | NEWS,koJlgd6l2__schedule_202605-001,テキスト,5月のイベントスケジュール
5月のイベントスケジュール ▸ 002 5月のイベントスケジュール / 5月のイベントスケジュール,koJlgd6l2__schedule_202605-002,テキスト,5月のイベントスケジュール
5月のイベントスケジュール ▸ 003 5月のイベントスケジュール / 平素よりポーカールームYORIMICHIをご利用いた…,koJlgd6l2__schedule_202605-003,テキスト,5月のイベントスケジュール
5月のイベントスケジュール ▸ 004 5月のイベントスケジュール / 5月のイベントスケジュールです！以下要チェックです！…,koJlgd6l2__schedule_202605-004,テキスト,5月のイベントスケジュール
5月のイベントスケジュール ▸ 005 5月のイベントスケジュール / 【Moe卒業】Moe Final 💜Mystery …,koJlgd6l2__schedule_202605-005,テキスト,5月のイベントスケジュール
"5月のイベントスケジュール ▸ 006 5月のイベントスケジュール / ✨ 1. ¥5,000：入場料＋ワンドリンク＋トナメ…",koJlgd6l2__schedule_202605-006,テキスト,5月のイベントスケジュール
5月のイベントスケジュール ▸ 007 5月のイベントスケジュール / ✨ 事前予約でスムーズにご案内できますので公式LIN…,koJlgd6l2__schedule_202605-007,テキスト,5月のイベントスケジュール
5月のイベントスケジュール ▸ 008 5月のイベントスケジュール / ✨ ③来店スタンプ2倍!! GW期間中来店スタンプラ…,koJlgd6l2__schedule_202605-008,テキスト,5月のイベントスケジュール
5月のイベントスケジュール ▸ 009 5月のイベントスケジュール / ・5/31(日) ビギナーさんにも気軽にトーナメント…,koJlgd6l2__schedule_202605-009,テキスト,5月のイベントスケジュール
5月のイベントスケジュール ▸ 010 5月のイベントスケジュール / ✨ トーナメントの詳細 ・Daily Hyper T…,koJlgd6l2__schedule_202605-010,テキスト,5月のイベントスケジュール
5月のイベントスケジュール ▸ 011 5月のイベントスケジュール / ・Start：19:00 ・Reg Close：20…,koJlgd6l2__schedule_202605-011,テキスト,5月のイベントスケジュール
"5月のイベントスケジュール ▸ 012 5月のイベントスケジュール / ・Entry Fee：¥1,000 3.アーリーバー…",koJlgd6l2__schedule_202605-012,テキスト,5月のイベントスケジュール
5月のイベントスケジュール ▸ 013 5月のイベントスケジュール / 【無料】または 【割引】に！ ⚠️ご注意 開始時刻（…,koJlgd6l2__schedule_202605-013,テキスト,5月のイベントスケジュール
5月のイベントスケジュール ▸ 014 5月のイベントスケジュール / 【Moe卒業】 Moe Final 💜Mystery…,koJlgd6l2__schedule_202605-014,テキスト,5月のイベントスケジュール
5月のイベントスケジュール ▸ 015 5月のイベントスケジュール / ✨ Moeのディーリング見納めです。。。!👀 トーナ…,koJlgd6l2__schedule_202605-015,テキスト,5月のイベントスケジュール
5月のイベントスケジュール ▸ 016 5月のイベントスケジュール / ・Start：17:20 ・Reg Close：19…,koJlgd6l2__schedule_202605-016,テキスト,5月のイベントスケジュール
"5月のイベントスケジュール ▸ 017 5月のイベントスケジュール / ・Entry：¥2,000 ・Re-Entry：¥2…",koJlgd6l2__schedule_202605-017,テキスト,5月のイベントスケジュール
5月のイベントスケジュール ▸ 018 5月のイベントスケジュール / 🔥 特典： ・非売品YORIMICHIオリジナルグッ…,koJlgd6l2__schedule_202605-018,テキスト,5月のイベントスケジュール
5月のイベントスケジュール ▸ 019 5月のイベントスケジュール / ・店内にて月間王者としてお写真掲示させていただきます,koJlgd6l2__schedule_202605-019,テキスト,5月のイベントスケジュール
5月のイベントスケジュール ▸ 020 5月のイベントスケジュール / ✨ 詳細は こちら ！,koJlgd6l2__schedule_202605-020,テキスト,5月のイベントスケジュール
5月のイベントスケジュール ▸ 021 5月のイベントスケジュール / ../../assets/img/pages/img_38_c73d508e.p…,koJlgd6l2__schedule_202605-021,画像,5月のイベントスケジュール
Xmas Special Tournament開催！ ▸ 001 Xmas Special Tournam / 2025/12/7 | NEWS,koJlgd6l2__xmasevents2025-001,テキスト,Xmas Special Tournament開催！
Xmas Special Tournament開催！ ▸ 002 Xmas Special Tournam / Xmas Special Tournament開催！,koJlgd6l2__xmasevents2025-002,テキスト,Xmas Special Tournament開催！
Xmas Special Tournament開催！ ▸ 003 Xmas Special Tournam / 12月はポーカーでクリスマスを楽しもう,koJlgd6l2__xmasevents2025-003,テキスト,Xmas Special Tournament開催！
Xmas Special Tournament開催！ ▸ 004 Xmas Special Tournam / 🎄 2日間限定のスペシャルトーナメントを開催します！…,koJlgd6l2__xmasevents2025-004,テキスト,Xmas Special Tournament開催！
Xmas Special Tournament開催！ ▸ 005 Xmas Special Tournam / ・20日(土) の2日間 #01 Mystery B…,koJlgd6l2__xmasevents2025-005,テキスト,Xmas Special Tournament開催！
Xmas Special Tournament開催！ ▸ 006 Xmas Special Tournam / ◎ ▼トーナメント概要 https://yorimi…,koJlgd6l2__xmasevents2025-006,テキスト,Xmas Special Tournament開催！
Xmas Special Tournament開催！ ▸ 007 Xmas Special Tournament開催！ / ../../assets/img/pages/img_07_50996bfd.w…,koJlgd6l2__xmasevents2025-007,画像,Xmas Special Tournament開催！
Xmas Special Tournament開催！ ▸ 008 画像 / ../../assets/img/pages/img_02_0d05e9c5.p…,koJlgd6l2__xmasevents2025-008,画像,Xmas Special Tournament開催！
Xmas Special Tournament開催！ ▸ 009 画像 / ../../assets/img/pages/img_13_c77c86a3.p…,koJlgd6l2__xmasevents2025-009,画像,Xmas Special Tournament開催！
月間ランキング ▸ 001 月間ランキング / MONTHLY RANKING,monthlyranking-001,テキスト,月間ランキング
月間ランキング ▸ 002 月間ランキング / 月間ランキング,monthlyranking-002,テキスト,月間ランキング
月間ランキング ▸ 003 月間ランキング / 今月のランキングと過去のバックナンバーをご確認いただ…,monthlyranking-003,テキスト,月間ランキング
月間ランキング ▸ 004 リングゲームランキング / リングゲームランキング,monthlyranking-004,テキスト,月間ランキング
月間ランキング ▸ 005 リングゲームランキング / リングゲームの現在のランキング状況です。※50NLは…,monthlyranking-005,テキスト,月間ランキング
月間ランキング ▸ 006 リングゲームランキング / プライズ,monthlyranking-006,テキスト,月間ランキング
月間ランキング ▸ 007 リングゲームランキング / 1位,monthlyranking-007,テキスト,月間ランキング
"月間ランキング ▸ 008 リングゲームランキング / Y$ 10,000",monthlyranking-008,テキスト,月間ランキング
月間ランキング ▸ 009 リングゲームランキング / 2位,monthlyranking-009,テキスト,月間ランキング
"月間ランキング ▸ 010 リングゲームランキング / Y$ 5,000",monthlyranking-010,テキスト,月間ランキング
月間ランキング ▸ 011 リングゲームランキング / 3位,monthlyranking-011,テキスト,月間ランキング
"月間ランキング ▸ 012 リングゲームランキング / Y$ 3,000",monthlyranking-012,テキスト,月間ランキング
月間ランキング ▸ 013 リングゲームランキング / 4位,monthlyranking-013,テキスト,月間ランキング
"月間ランキング ▸ 014 リングゲームランキング / Y$ 2,000",monthlyranking-014,テキスト,月間ランキング
月間ランキング ▸ 015 リングゲームランキング / 5位,monthlyranking-015,テキスト,月間ランキング
"月間ランキング ▸ 016 リングゲームランキング / Y$ 1,000",monthlyranking-016,テキスト,月間ランキング
月間ランキング ▸ 017 リングゲームランキング / ※プライズの付与は月末の営業終了時に行われます。,monthlyranking-017,テキスト,月間ランキング
月間ランキング ▸ 018 月間トーナメントランキング / TOURNAMENT,monthlyranking-018,テキスト,月間ランキング
月間ランキング ▸ 019 月間トーナメントランキング / 月間トーナメントランキング,monthlyranking-019,テキスト,月間ランキング
月間ランキング ▸ 020 月間トーナメントランキング / トーナメント終了ごとに自動更新されます。ポイント＝入…,monthlyranking-020,テキスト,月間ランキング
月間ランキング ▸ 021 月間トーナメントランキング / 読み込み中…,monthlyranking-021,テキスト,月間ランキング
月間ランキング ▸ 022 月間トーナメントランキング / ※ランキング上位者には月末にプライズを進呈します。,monthlyranking-022,テキスト,月間ランキング
月間ランキング ▸ 023 バックナンバー / バックナンバー,monthlyranking-023,テキスト,月間ランキング
マンスリースケジュール ▸ 001 マンスリースケジュール / MONTHLY,monthlyschedule-001,テキスト,マンスリースケジュール
マンスリースケジュール ▸ 002 マンスリースケジュール / マンスリースケジュール,monthlyschedule-002,テキスト,マンスリースケジュール
マンスリースケジュール ▸ 003 マンスリースケジュール / リングゲーム・トーナメントの各種イベント情報です,monthlyschedule-003,テキスト,マンスリースケジュール
マンスリースケジュール ▸ 004 充実のイベント / 充実のイベント,monthlyschedule-004,テキスト,マンスリースケジュール
マンスリースケジュール ▸ 005 充実のイベント / YORIMICHIではリングゲームやトーナメントのイ…,monthlyschedule-005,テキスト,マンスリースケジュール
マンスリースケジュール ▸ 006 今月のスケジュール / CALENDAR,monthlyschedule-006,テキスト,マンスリースケジュール
マンスリースケジュール ▸ 007 今月のスケジュール / 今月のスケジュール,monthlyschedule-007,テキスト,マンスリースケジュール
マンスリースケジュール ▸ 008 【6月のイベント・営業カレンダー】 / PICK UP,monthlyschedule-008,テキスト,マンスリースケジュール
マンスリースケジュール ▸ 009 【6月のイベント・営業カレンダー】 / 【6月のイベント・営業カレンダー】,monthlyschedule-009,テキスト,マンスリースケジュール
マンスリースケジュール ▸ 010 【6月のイベント・営業カレンダー】 / 今月はつっきー卒業イベントやスタッフBountyトナ…,monthlyschedule-010,テキスト,マンスリースケジュール
マンスリースケジュール ▸ 011 【6月のイベント・営業カレンダー】 / ⭐️ 6/27(土) つっきー卒業イベント開催,monthlyschedule-011,テキスト,マンスリースケジュール
マンスリースケジュール ▸ 012 【6月のイベント・営業カレンダー】 / ⭐️ 6/6(土)&6/13(土) 19:00〜 ビ…,monthlyschedule-012,テキスト,マンスリースケジュール
マンスリースケジュール ▸ 013 【6月のイベント・営業カレンダー】 / ⭐️ 6/1(月)〜6/30(火) 来店スタンプラリ…,monthlyschedule-013,テキスト,マンスリースケジュール
マンスリースケジュール ▸ 014 【6月のイベント・営業カレンダー】 / ⭐️ 6/8(月)〜6/14(日) アーリーバード開…,monthlyschedule-014,テキスト,マンスリースケジュール
マンスリースケジュール ▸ 015 🆕 スタッフBountyトーナメント / 🆕 スタッフBountyトーナメント,monthlyschedule-015,テキスト,マンスリースケジュール
"マンスリースケジュール ▸ 016 🆕 スタッフBountyトーナメント / 毎週木曜日はスタッフBounty Y$1,000をG…",monthlyschedule-016,テキスト,マンスリースケジュール
マンスリースケジュール ▸ 017 🆕 貸し卓プラン登場！ / 🆕 貸し卓プラン登場！,monthlyschedule-017,テキスト,マンスリースケジュール
マンスリースケジュール ▸ 018 🆕 貸し卓プラン登場！ / 営業時間：17:00〜23:00,monthlyschedule-018,テキスト,マンスリースケジュール
マンスリースケジュール ▸ 019 🆕 貸し卓プラン登場！ / 卓数：1〜2卓（先着順）,monthlyschedule-019,テキスト,マンスリースケジュール
"マンスリースケジュール ▸ 020 🆕 貸し卓プラン登場！ / 料金：1卓 15,000円（チップ貸出込み・ディーラ…",monthlyschedule-020,テキスト,マンスリースケジュール
マンスリースケジュール ▸ 021 🆕 貸し卓プラン登場！ / 飲食の持ち込みOK（店舗からの提供はございません）,monthlyschedule-021,テキスト,マンスリースケジュール
マンスリースケジュール ▸ 022 🆕 貸し卓プラン登場！ / ゴミはお持ち帰りをお願いいたします,monthlyschedule-022,テキスト,マンスリースケジュール
マンスリースケジュール ▸ 023 🆕 貸し卓プラン登場！ / ご予約方法：LINEにてお問い合わせください,monthlyschedule-023,テキスト,マンスリースケジュール
マンスリースケジュール ▸ 024 🆕 貸し卓プラン登場！ / ※営業日は変動する可能性があります。最新情報はストー…,monthlyschedule-024,テキスト,マンスリースケジュール
NEWS お知らせ ▸ 001 お知らせ / NEWS,news-001,テキスト,NEWS お知らせ
NEWS お知らせ ▸ 002 お知らせ / お知らせ,news-002,テキスト,NEWS お知らせ
NEWS お知らせ ▸ 003 お知らせ / YORIMICHIからのお知らせ一覧です。,news-003,テキスト,NEWS お知らせ
プライバシーポリシー ▸ 001 プライバシーポリシー / PRIVACY POLICY,privacy-policy-001,テキスト,プライバシーポリシー
プライバシーポリシー ▸ 002 プライバシーポリシー / プライバシーポリシー,privacy-policy-002,テキスト,プライバシーポリシー
プライバシーポリシー ▸ 003 第1条（個人情報） / BeeBloom合同会社（以下，「当社」といいます。…,privacy-policy-003,テキスト,プライバシーポリシー
プライバシーポリシー ▸ 004 第1条（個人情報） / 第1条（個人情報）,privacy-policy-004,テキスト,プライバシーポリシー
プライバシーポリシー ▸ 005 第1条（個人情報） / 「個人情報」とは，個人情報保護法にいう「個人情報」を…,privacy-policy-005,テキスト,プライバシーポリシー
プライバシーポリシー ▸ 006 第1条（個人情報） / 第2条（個人情報の収集方法）,privacy-policy-006,テキスト,プライバシーポリシー
プライバシーポリシー ▸ 007 第1条（個人情報） / 当社は，ユーザーが利用登録をする際に氏名，生年月日，…,privacy-policy-007,テキスト,プライバシーポリシー
プライバシーポリシー ▸ 008 第1条（個人情報） / 第3条（個人情報を収集・利用する目的）,privacy-policy-008,テキスト,プライバシーポリシー
プライバシーポリシー ▸ 009 第1条（個人情報） / 当社が個人情報を収集 ・利用する目的は，以下のとおり…,privacy-policy-009,テキスト,プライバシーポリシー
プライバシーポリシー ▸ 010 第1条（個人情報） / 当社サービスの提供 ・運営のため ユーザーからのお問…,privacy-policy-010,テキスト,プライバシーポリシー
プライバシーポリシー ▸ 011 第1条（個人情報） / ・不当な目的でサービスを利用しようとするユーザーの特…,privacy-policy-011,テキスト,プライバシーポリシー
プライバシーポリシー ▸ 012 第1条（個人情報） / 第4条（利用目的の変更）,privacy-policy-012,テキスト,プライバシーポリシー
プライバシーポリシー ▸ 013 第1条（個人情報） / 当社は，利用目的が変更前と関連性を有すると合理的に認…,privacy-policy-013,テキスト,プライバシーポリシー
プライバシーポリシー ▸ 014 第1条（個人情報） / 利用目的の変更を行った場合には，変更後の目的について…,privacy-policy-014,テキスト,プライバシーポリシー
プライバシーポリシー ▸ 015 第1条（個人情報） / 第5条（個人情報の第三者提供）,privacy-policy-015,テキスト,プライバシーポリシー
プライバシーポリシー ▸ 016 第1条（個人情報） / 当社は，次に掲げる場合を除いて，あらかじめユーザーの…,privacy-policy-016,テキスト,プライバシーポリシー
プライバシーポリシー ▸ 017 第1条（個人情報） / 人の生命，身体または財産の保護のために必要がある場合…,privacy-policy-017,テキスト,プライバシーポリシー
プライバシーポリシー ▸ 018 第1条（個人情報） / 当社が利用目的の達成に必要な範囲内において個人情報の…,privacy-policy-018,テキスト,プライバシーポリシー
プライバシーポリシー ▸ 019 第1条（個人情報） / 第6条（個人情報の開示）,privacy-policy-019,テキスト,プライバシーポリシー
プライバシーポリシー ▸ 020 第1条（個人情報） / 当社は，本人から個人情報の開示を求められたときは，本…,privacy-policy-020,テキスト,プライバシーポリシー
プライバシーポリシー ▸ 021 第1条（個人情報） / 本人または第三者の生命，身体，財産その他の権利利益を…,privacy-policy-021,テキスト,プライバシーポリシー
プライバシーポリシー ▸ 022 第1条（個人情報） / 第7条（個人情報の訂正および削除）,privacy-policy-022,テキスト,プライバシーポリシー
プライバシーポリシー ▸ 023 第1条（個人情報） / ユーザーは，当社の保有する自己の個人情報が誤った情報…,privacy-policy-023,テキスト,プライバシーポリシー
プライバシーポリシー ▸ 024 第1条（個人情報） / 当社は，ユーザーから前項の請求を受けてその請求に応じ…,privacy-policy-024,テキスト,プライバシーポリシー
プライバシーポリシー ▸ 025 第1条（個人情報） / 当社は，前項の規定に基づき訂正等を行った場合，または…,privacy-policy-025,テキスト,プライバシーポリシー
プライバシーポリシー ▸ 026 第1条（個人情報） / 第8条（個人情報の利用停止等）,privacy-policy-026,テキスト,プライバシーポリシー
プライバシーポリシー ▸ 027 第1条（個人情報） / 当社は，本人から，個人情報が，利用目的の範囲を超えて…,privacy-policy-027,テキスト,プライバシーポリシー
プライバシーポリシー ▸ 028 第1条（個人情報） / 前項の調査結果に基づき，その請求に応じる必要があると…,privacy-policy-028,テキスト,プライバシーポリシー
プライバシーポリシー ▸ 029 第1条（個人情報） / 当社は，前項の規定に基づき利用停止等を行った場合，ま…,privacy-policy-029,テキスト,プライバシーポリシー
プライバシーポリシー ▸ 030 第1条（個人情報） / 前2項にかかわらず，利用停止等に多額の費用を有する場…,privacy-policy-030,テキスト,プライバシーポリシー
プライバシーポリシー ▸ 031 第1条（個人情報） / 第9条（プライバシーポリシーの変更）,privacy-policy-031,テキスト,プライバシーポリシー
プライバシーポリシー ▸ 032 第1条（個人情報） / 本ポリシーの内容は，法令その他本ポリシーに別段の定め…,privacy-policy-032,テキスト,プライバシーポリシー
プライバシーポリシー ▸ 033 第1条（個人情報） / 当社が別途定める場合を除いて，変更後のプライバシーポ…,privacy-policy-033,テキスト,プライバシーポリシー
プライバシーポリシー ▸ 034 第1条（個人情報） / 第10条（お問い合わせ窓口）,privacy-policy-034,テキスト,プライバシーポリシー
プライバシーポリシー ▸ 035 第1条（個人情報） / 本ポリシーに関するお問い合わせは，下記の窓口までお願…,privacy-policy-035,テキスト,プライバシーポリシー
プライバシーポリシー ▸ 036 第1条（個人情報） / Eメールアドレス：info@beebloom.fun…,privacy-policy-036,テキスト,プライバシーポリシー
求人情報 ▸ 001 求人情報 / RECRUIT,recruit-001,テキスト,求人情報
求人情報 ▸ 002 求人情報 / 求人情報,recruit-002,テキスト,求人情報
求人情報 ▸ 003 求人情報 / YORIMICHIで一緒に働きませんか？,recruit-003,テキスト,求人情報
求人情報 ▸ 004 スタッフ募集 / スタッフ募集,recruit-004,テキスト,求人情報
求人情報 ▸ 005 スタッフ募集 / ポーカールームYORIMICHIでは一緒に働いてくれ…,recruit-005,テキスト,求人情報
求人情報 ▸ 006 募集要項 / REQUIREMENTS,recruit-006,テキスト,求人情報
求人情報 ▸ 007 募集要項 / 募集要項,recruit-007,テキスト,求人情報
求人情報 ▸ 008 募集要項 / ポーカー好き・接客好きな方大歓迎！,recruit-008,テキスト,求人情報
求人情報 ▸ 009 募集要項 / 社内研修にて専門的な知識を身につけていただくので、経…,recruit-009,テキスト,求人情報
求人情報 ▸ 010 業務内容 / 業務内容,recruit-010,テキスト,求人情報
求人情報 ▸ 011 業務内容 / トランプ・チップを用いたゲームの進行（ディーリング）,recruit-011,テキスト,求人情報
求人情報 ▸ 012 業務内容 / お客様との会話でテーブルを盛り上げること,recruit-012,テキスト,求人情報
求人情報 ▸ 013 業務内容 / 各種システムを用いた、店舗やお客様のチップの収支管理,recruit-013,テキスト,求人情報
求人情報 ▸ 014 勤務形態／給与 / 勤務形態／給与,recruit-014,テキスト,求人情報
求人情報 ▸ 015 勤務形態／給与 / 勤務形態,recruit-015,テキスト,求人情報
求人情報 ▸ 016 勤務形態／給与 / アルバイト／自由シフト制,recruit-016,テキスト,求人情報
求人情報 ▸ 017 勤務形態／給与 / 勤務時間,recruit-017,テキスト,求人情報
求人情報 ▸ 018 勤務形態／給与 / 16:30〜23:30の中で応相談,recruit-018,テキスト,求人情報
求人情報 ▸ 019 勤務形態／給与 / 勤務日数,recruit-019,テキスト,求人情報
求人情報 ▸ 020 勤務形態／給与 / 3日/週〜・3時間〜/日,recruit-020,テキスト,求人情報
求人情報 ▸ 021 勤務形態／給与 / 交通費,recruit-021,テキスト,求人情報
求人情報 ▸ 022 勤務形態／給与 / 支給あり,recruit-022,テキスト,求人情報
求人情報 ▸ 023 勤務形態／給与 / 試用期間,recruit-023,テキスト,求人情報
求人情報 ▸ 024 勤務形態／給与 / 2か月,recruit-024,テキスト,求人情報
求人情報 ▸ 025 勤務形態／給与 / 勤務地,recruit-025,テキスト,求人情報
求人情報 ▸ 026 あなたもディーラーデビュー！ / あなたもディーラーデビュー！,recruit-026,テキスト,求人情報
現在の稼働状況 ▸ 001 現在の稼働状況 / TABLE STATUS,tablestatus-001,テキスト,現在の稼働状況
現在の稼働状況 ▸ 002 現在の稼働状況 / 現在の稼働状況,tablestatus-002,テキスト,現在の稼働状況
現在の稼働状況 ▸ 003 現在の稼働状況 / 現在のテーブルの稼働状況をご覧いただけます。,tablestatus-003,テキスト,現在の稼働状況
現在の稼働状況 ▸ 004 テーブル稼働状況 / テーブル稼働状況,tablestatus-004,テキスト,現在の稼働状況
現在の稼働状況 ▸ 005 テーブル稼働状況 / YORIMICHIの現在のテーブル稼働状況です。おひ…,tablestatus-005,テキスト,現在の稼働状況
現在の稼働状況 ▸ 006 テーブル稼働状況 / ※混雑時は更新が遅れる場合もございます。,tablestatus-006,テキスト,現在の稼働状況
トーナメントイベント ▸ 001 トーナメントイベント / TOURNAMENT EVENTS,tounament-events-001,テキスト,トーナメントイベント
トーナメントイベント ▸ 002 トーナメントイベント / トーナメントイベント,tounament-events-002,テキスト,トーナメントイベント
トーナメントイベント ▸ 003 トーナメントイベント / イベントでの特別トーナメント一覧です。,tounament-events-003,テキスト,トーナメントイベント
トーナメントのご案内 ▸ 001 トーナメントのご案内 / TOURNAMENT,tournament-infomation-001,テキスト,トーナメントのご案内
トーナメントのご案内 ▸ 002 トーナメントのご案内 / トーナメントのご案内,tournament-infomation-002,テキスト,トーナメントのご案内
トーナメントのご案内 ▸ 003 トーナメントのご案内 / 勝ち抜き形式のゲームスタイルです,tournament-infomation-003,テキスト,トーナメントのご案内
トーナメントのご案内 ▸ 004 トーナメントとは？ / トーナメントとは？,tournament-infomation-004,テキスト,トーナメントのご案内
トーナメントのご案内 ▸ 005 トーナメントとは？ / 優勝者が決まるまで戦う、勝ち残り形式のゲームです。リ…,tournament-infomation-005,テキスト,トーナメントのご案内
トーナメントのご案内 ▸ 006 料金システム / FEE,tournament-infomation-006,テキスト,トーナメントのご案内
トーナメントのご案内 ▸ 007 料金システム / 料金システム,tournament-infomation-007,テキスト,トーナメントのご案内
トーナメントのご案内 ▸ 008 料金システム / 基本料金と別に、トーナメントの参加費をお支払いくださ…,tournament-infomation-008,テキスト,トーナメントのご案内
"トーナメントのご案内 ▸ 009 料金システム / ¥1,000",tournament-infomation-009,テキスト,トーナメントのご案内
トーナメントのご案内 ▸ 010 料金システム / ¥500,tournament-infomation-010,テキスト,トーナメントのご案内
"トーナメントのご案内 ▸ 011 料金システム / ¥2,000〜",tournament-infomation-011,テキスト,トーナメントのご案内
トーナメントのご案内 ▸ 012 料金システム / ◎リングゲーム等その他ゲームにご参加の際にお支払いい…,tournament-infomation-012,テキスト,トーナメントのご案内
トーナメントのご案内 ▸ 013 トーナメントランクについて / RANK,tournament-infomation-013,テキスト,トーナメントのご案内
トーナメントのご案内 ▸ 014 トーナメントランクについて / トーナメントランクについて,tournament-infomation-014,テキスト,トーナメントのご案内
トーナメントのご案内 ▸ 015 トーナメントランクについて / レギュレーションに応じて S〜D ランクに分かれてい…,tournament-infomation-015,テキスト,トーナメントのご案内
トーナメントのご案内 ▸ 016 トーナメントランクについて / Dランク,tournament-infomation-016,テキスト,トーナメントのご案内
トーナメントのご案内 ▸ 017 トーナメントランクについて / Dランクトーナメントは初心者の方でも安心して参加でき…,tournament-infomation-017,テキスト,トーナメントのご案内
トーナメントのご案内 ▸ 018 トーナメントランクについて / Cランク,tournament-infomation-018,テキスト,トーナメントのご案内
トーナメントのご案内 ▸ 019 トーナメントランクについて / Cランクトーナメントは、カジュアルなレギュレーション…,tournament-infomation-019,テキスト,トーナメントのご案内
トーナメントのご案内 ▸ 020 トーナメントランクについて / Bランク,tournament-infomation-020,テキスト,トーナメントのご案内
トーナメントのご案内 ▸ 021 トーナメントランクについて / Bランクトーナメントは、どなたでも参加しやすく、さら…,tournament-infomation-021,テキスト,トーナメントのご案内
トーナメントのご案内 ▸ 022 トーナメントランクについて / Aランク,tournament-infomation-022,テキスト,トーナメントのご案内
トーナメントのご案内 ▸ 023 トーナメントランクについて / Aランクトーナメントは、ハイレベルかつ幅広いプレイヤ…,tournament-infomation-023,テキスト,トーナメントのご案内
トーナメントのご案内 ▸ 024 トーナメントランクについて / Sランク,tournament-infomation-024,テキスト,トーナメントのご案内
トーナメントのご案内 ▸ 025 トーナメントランクについて / Sランクトーナメントは、最高峰のレギュレーションを備…,tournament-infomation-025,テキスト,トーナメントのご案内
【iroha・Ryooona壮行】英語禁止！真の飲みぽを見せてやるぜトーナメント ▸ 001 【iroha・Ryooona壮行】英語禁 / 2025/10/16 | トーナメントイベント,tourny-20251016-001,テキスト,【iroha・Ryooona壮行】英語禁止！真の飲みぽを見せてやるぜトーナメント
【iroha・Ryooona壮行】英語禁止！真の飲みぽを見せてやるぜトーナメント ▸ 002 【iroha・Ryooona壮行】英語禁 / 【iroha・Ryooona壮行】英語禁止！真の飲み… 〔tourny-20251016-002〕,tourny-20251016-002,テキスト,【iroha・Ryooona壮行】英語禁止！真の飲みぽを見せてやるぜトーナメント
【iroha・Ryooona壮行】英語禁止！真の飲みぽを見せてやるぜトーナメント ▸ 003 トーナメント概要 / SUMMARY,tourny-20251016-003,テキスト,【iroha・Ryooona壮行】英語禁止！真の飲みぽを見せてやるぜトーナメント
【iroha・Ryooona壮行】英語禁止！真の飲みぽを見せてやるぜトーナメント ▸ 004 トーナメント概要 / トーナメント概要,tourny-20251016-004,テキスト,【iroha・Ryooona壮行】英語禁止！真の飲みぽを見せてやるぜトーナメント
【iroha・Ryooona壮行】英語禁止！真の飲みぽを見せてやるぜトーナメント ▸ 005 トーナメント概要 / 日程,tourny-20251016-005,テキスト,【iroha・Ryooona壮行】英語禁止！真の飲みぽを見せてやるぜトーナメント
【iroha・Ryooona壮行】英語禁止！真の飲みぽを見せてやるぜトーナメント ▸ 006 トーナメント概要 / 2025年10月16日(木) 17:20〜,tourny-20251016-006,テキスト,【iroha・Ryooona壮行】英語禁止！真の飲みぽを見せてやるぜトーナメント
【iroha・Ryooona壮行】英語禁止！真の飲みぽを見せてやるぜトーナメント ▸ 007 トーナメント概要 / レイトレジスト締切,tourny-20251016-007,テキスト,【iroha・Ryooona壮行】英語禁止！真の飲みぽを見せてやるぜトーナメント
【iroha・Ryooona壮行】英語禁止！真の飲みぽを見せてやるぜトーナメント ▸ 008 トーナメント概要 / Lv.11開始時まで（20:00ごろ）,tourny-20251016-008,テキスト,【iroha・Ryooona壮行】英語禁止！真の飲みぽを見せてやるぜトーナメント
【iroha・Ryooona壮行】英語禁止！真の飲みぽを見せてやるぜトーナメント ▸ 009 トーナメント概要 / ゲーム,tourny-20251016-009,テキスト,【iroha・Ryooona壮行】英語禁止！真の飲みぽを見せてやるぜトーナメント
【iroha・Ryooona壮行】英語禁止！真の飲みぽを見せてやるぜトーナメント ▸ 010 トーナメント概要 / ノーリミット／テキサスホールデム,tourny-20251016-010,テキスト,【iroha・Ryooona壮行】英語禁止！真の飲みぽを見せてやるぜトーナメント
【iroha・Ryooona壮行】英語禁止！真の飲みぽを見せてやるぜトーナメント ▸ 011 トーナメント概要 / トーナメントランク,tourny-20251016-011,テキスト,【iroha・Ryooona壮行】英語禁止！真の飲みぽを見せてやるぜトーナメント
【iroha・Ryooona壮行】英語禁止！真の飲みぽを見せてやるぜトーナメント ▸ 012 トーナメント概要 / Bランク,tourny-20251016-012,テキスト,【iroha・Ryooona壮行】英語禁止！真の飲みぽを見せてやるぜトーナメント
【iroha・Ryooona壮行】英語禁止！真の飲みぽを見せてやるぜトーナメント ▸ 013 トーナメント概要 / 参加費,tourny-20251016-013,テキスト,【iroha・Ryooona壮行】英語禁止！真の飲みぽを見せてやるぜトーナメント
"【iroha・Ryooona壮行】英語禁止！真の飲みぽを見せてやるぜトーナメント ▸ 014 トーナメント概要 / ¥5,000（リエントリー：¥4,000）",tourny-20251016-014,テキスト,【iroha・Ryooona壮行】英語禁止！真の飲みぽを見せてやるぜトーナメント
【iroha・Ryooona壮行】英語禁止！真の飲みぽを見せてやるぜトーナメント ▸ 015 トーナメント概要 / スタック,tourny-20251016-015,テキスト,【iroha・Ryooona壮行】英語禁止！真の飲みぽを見せてやるぜトーナメント
"【iroha・Ryooona壮行】英語禁止！真の飲みぽを見せてやるぜトーナメント ▸ 016 トーナメント概要 / 50,000点",tourny-20251016-016,テキスト,【iroha・Ryooona壮行】英語禁止！真の飲みぽを見せてやるぜトーナメント
【iroha・Ryooona壮行】英語禁止！真の飲みぽを見せてやるぜトーナメント ▸ 017 トーナメント概要 / ブラインド,tourny-20251016-017,テキスト,【iroha・Ryooona壮行】英語禁止！真の飲みぽを見せてやるぜトーナメント
【iroha・Ryooona壮行】英語禁止！真の飲みぽを見せてやるぜトーナメント ▸ 018 トーナメント概要 / 15 - 10分,tourny-20251016-018,テキスト,【iroha・Ryooona壮行】英語禁止！真の飲みぽを見せてやるぜトーナメント
【iroha・Ryooona壮行】英語禁止！真の飲みぽを見せてやるぜトーナメント ▸ 019 トーナメント概要 / 終了想定,tourny-20251016-019,テキスト,【iroha・Ryooona壮行】英語禁止！真の飲みぽを見せてやるぜトーナメント
【iroha・Ryooona壮行】英語禁止！真の飲みぽを見せてやるぜトーナメント ▸ 020 トーナメント概要 / 22:00ごろ,tourny-20251016-020,テキスト,【iroha・Ryooona壮行】英語禁止！真の飲みぽを見せてやるぜトーナメント
【iroha・Ryooona壮行】英語禁止！真の飲みぽを見せてやるぜトーナメント ▸ 021 《Pick up！》 / 《Pick up！》,tourny-20251016-021,テキスト,【iroha・Ryooona壮行】英語禁止！真の飲みぽを見せてやるぜトーナメント
【iroha・Ryooona壮行】英語禁止！真の飲みぽを見せてやるぜトーナメント ▸ 022 《Pick up！》 / ◎ トナメ【参加者全員】にウェルカムクライナー1本プ…,tourny-20251016-022,テキスト,【iroha・Ryooona壮行】英語禁止！真の飲みぽを見せてやるぜトーナメント
"【iroha・Ryooona壮行】英語禁止！真の飲みぽを見せてやるぜトーナメント ▸ 023 《Pick up！》 / ◎ 通常¥3,000の飛ぶまで飲み放題が【無料】でつ…",tourny-20251016-023,テキスト,【iroha・Ryooona壮行】英語禁止！真の飲みぽを見せてやるぜトーナメント
【iroha・Ryooona壮行】英語禁止！真の飲みぽを見せてやるぜトーナメント ▸ 024 《Pick up！》 / ◎【早期着席特典】として、17:30までの着席でFl…,tourny-20251016-024,テキスト,【iroha・Ryooona壮行】英語禁止！真の飲みぽを見せてやるぜトーナメント
【iroha・Ryooona壮行】英語禁止！真の飲みぽを見せてやるぜトーナメント ▸ 025 《Pick up！》 / ◎ Ryooonaもプレイヤーで参加します！（iro…,tourny-20251016-025,テキスト,【iroha・Ryooona壮行】英語禁止！真の飲みぽを見せてやるぜトーナメント
【iroha・Ryooona壮行】英語禁止！真の飲みぽを見せてやるぜトーナメント ▸ 026 《Pick up！》 / Ryooonaを倒せば豪華バウンティ！ただし、Ryo…,tourny-20251016-026,テキスト,【iroha・Ryooona壮行】英語禁止！真の飲みぽを見せてやるぜトーナメント
【iroha・Ryooona壮行】英語禁止！真の飲みぽを見せてやるぜトーナメント ▸ 027 詳細情報 / 詳細情報,tourny-20251016-027,テキスト,【iroha・Ryooona壮行】英語禁止！真の飲みぽを見せてやるぜトーナメント
【iroha・Ryooona壮行】英語禁止！真の飲みぽを見せてやるぜトーナメント ▸ 028 詳細情報 / 8月のオープンからYORIMICHIの立ち上げと店舗…,tourny-20251016-028,テキスト,【iroha・Ryooona壮行】英語禁止！真の飲みぽを見せてやるぜトーナメント
【iroha・Ryooona壮行】英語禁止！真の飲みぽを見せてやるぜトーナメント ▸ 029 詳細情報 / 今回のトーナメントは【英語禁止】＆【飛ぶまで飲み放題…,tourny-20251016-029,テキスト,【iroha・Ryooona壮行】英語禁止！真の飲みぽを見せてやるぜトーナメント
【iroha・Ryooona壮行】英語禁止！真の飲みぽを見せてやるぜトーナメント ▸ 030 画像 / ../assets/img/pages/img_49_fe9fcf69.webp,tourny-20251016-030,画像,【iroha・Ryooona壮行】英語禁止！真の飲みぽを見せてやるぜトーナメント
